question_id,arrange_word_id,arrange_word,en1,en2,ja1,ja2,voice1,voice2,included_1or2,voice1_name,voice2_name,sentence_first_en,sentence_second_en,answer,chips,audio_first,audio_second,audio_auto,icon_first,icon_second,position_first,position_second
e0001,va0001,live,Where do you live?,I live near the park!,どこに住んでるの？,公園の近くに住んでるよ！,Kevin,Ivy,1,Kevin,Ivy,___________,I live near the park!,Where do you live?,Where|do|you|live?,e0001-a.mp3,e0001-b.mp3,1,Kevin.png,user,left,right
e0002,va0001,live,I want to live in a big city someday.,,いつか大都市に住んでみたいな。,,Ivy,,1,Ivy,,___________,,I want to live in a big city someday.,I|want|to|live|in|a|big|city|someday.,e0002-a.mp3,,1,user,,right,none
e0003,va0002,get,Can you get me a glass of water?,"Sure, one second!",お水一杯とってきてくれる？,うん、ちょっと待ってて！,Ivy,Matthew,1,Ivy,Matthew,___________,"Sure, one second!",Can you get me a glass of water?,Can|you|get|me|a|glass|of|water?,e0003-a.mp3,e0003-b.mp3,1,user,Matthew.png,right,left
e0004,va0002,get,I get so excited on my birthday!,,誕生日にはすごくワクワクするんだ！,,Ivy,,1,Ivy,,___________,,I get so excited on my birthday!,I|get|so|excited|on|my|birthday!,e0004-a.mp3,,1,user,,right,none
e0005,va0003,someone,Someone is knocking on the door.,I'll go check!,誰かがドアをノックしてるよ。,見てくるね！,Ivy,Kevin,1,Ivy,Kevin,___________,I'll go check!,Someone is knocking on the door.,Someone|is|knocking|on|the|door.,e0005-a.mp3,e0005-b.mp3,1,user,Kevin.png,right,left
e0006,va0003,someone,I need someone to help me carry this box.,,この箱運ぶの、誰か手伝ってほしいな。,,Ivy,,1,Ivy,,___________,,I need someone to help me carry this box.,I|need|someone|to|help|me|carry|this|box.,e0006-a.mp3,,1,user,,right,none
e0007,va0004,thing,What's that thing on the table?,"Oh, it's my new watch!",テーブルの上のそれ何？,あ、新しい腕時計だよ！,Ivy,Kevin,1,Ivy,Kevin,___________,"Oh, it's my new watch!",What's that thing on the table?,What's|that|thing|on|the|table?,e0007-a.mp3,e0007-b.mp3,1,user,Kevin.png,right,left
e0008,va0004,thing,The best thing about summer is swimming.,,夏の一番いいところは水泳だよね。,,Ivy,,1,Ivy,,___________,,The best thing about summer is swimming.,The|best|thing|about|summer|is|swimming.,e0008-a.mp3,,1,user,,right,none
e0009,va0005,all,Did you eat all the cookies?,"Oops, sorry, I did!",クッキー全部食べちゃったの？,あっ、ごめん、食べちゃった！,Matthew,Ivy,1,Matthew,Ivy,___________,"Oops, sorry, I did!",Did you eat all the cookies?,Did|you|eat|all|the|cookies?,e0009-a.mp3,e0009-b.mp3,1,Matthew.png,user,left,right
e0010,va0005,all,All my friends are coming to my party!,,友達みんなパーティーに来てくれるんだ！,,Ivy,,1,Ivy,,___________,,All my friends are coming to my party!,All|my|friends|are|coming|to|my|party!,e0010-a.mp3,,1,user,,right,none
e0011,va0006,age,What's your age?,I'm ten years old!,何歳？,10歳だよ！,Kevin,Ivy,1,Kevin,Ivy,___________,I'm ten years old!,What's your age?,What's|your|age?,e0011-a.mp3,e0011-b.mp3,1,Kevin.png,user,left,right
e0012,va0006,age,Kids of all ages will love this game.,,このゲームはどの年齢の子も好きになるよ。,,Ivy,,1,Ivy,,___________,,Kids of all ages will love this game.,Kids|of|all|ages|will|love|this|game.,e0012-a.mp3,,1,user,,right,none
e0013,va0007,cry,Why are you crying?,I lost my favorite toy.,どうして泣いてるの？,お気に入りのおもちゃをなくしちゃったの。,Kevin,Ivy,1,Kevin,Ivy,___________,I lost my favorite toy.,Why are you crying?,Why|are|you|crying?,e0013-a.mp3,e0013-b.mp3,1,Kevin.png,user,left,right
e0014,va0007,cry,"Don't cry, everything will be okay.",,泣かないで、きっと大丈夫だから。,,Matthew,,1,Matthew,,___________,,"Don't cry, everything will be okay.","Don't|cry,|everything|will|be|okay.",e0014-a.mp3,,1,Matthew.png,,left,none
e0015,va0008,love,I love pizza so much!,"Me too, it's the best!",ピザ大好き！,私も、最高だよね！,Ivy,Kevin,1,Ivy,Kevin,___________,"Me too, it's the best!",I love pizza so much!,I|love|pizza|so|much!,e0015-a.mp3,e0015-b.mp3,1,user,Kevin.png,right,left
e0016,va0008,love,My grandma sends me lots of love in her letters.,,おばあちゃんは手紙にたくさんの愛を込めてくれるんだ。,,Ivy,,1,Ivy,,___________,,My grandma sends me lots of love in her letters.,My|grandma|sends|me|lots|of|love|in|her|letters.,e0016-a.mp3,,1,user,,right,none
e0017,va0009,become,I want to become a doctor when I grow up.,,大きくなったらお医者さんになりたいな。,,Ivy,,1,Ivy,,___________,,I want to become a doctor when I grow up.,I|want|to|become|a|doctor|when|I|grow|up.,e0017-a.mp3,,1,user,,right,none
e0018,va0009,become,The sky is becoming darker. It might rain soon.,,空がだんだん暗くなってきたね。もうすぐ雨が降るかも。,,Ivy,,1,Ivy,,___________,,The sky is becoming darker. It might rain soon.,The|sky|is|becoming|darker.|It|might|rain|soon.,e0018-a.mp3,,1,user,,right,none
e0019,va0010,little,Can I have a little more juice?,"Sure, here you go!",ジュース、もう少しもらえる？,もちろん、はいどうぞ！,Ivy,Matthew,1,Ivy,Matthew,___________,"Sure, here you go!",Can I have a little more juice?,Can|I|have|a|little|more|juice?,e0019-a.mp3,e0019-b.mp3,1,user,Matthew.png,right,left
e0020,va0010,little,My little sister is only three years old.,,私の妹はまだ3歳なんだ。,,Ivy,,1,Ivy,,___________,,My little sister is only three years old.,My|little|sister|is|only|three|years|old.,e0020-a.mp3,,1,user,,right,none
e0021,va0011,think,What do you think of this song?,I think it's amazing!,この曲どう思う？,すごくいいと思う！,Ivy,Kevin,1,Ivy,Kevin,___________,I think it's amazing!,What do you think of this song?,What|do|you|think|of|this|song?,e0021-a.mp3,e0021-b.mp3,1,user,Kevin.png,right,left
e0022,va0011,think,Let me think about it for a minute.,,ちょっと考えさせて。,,Ivy,,1,Ivy,,___________,,Let me think about it for a minute.,Let|me|think|about|it|for|a|minute.,e0022-a.mp3,,1,user,,right,none
e0023,va0012,bathroom,Where's the bathroom?,It's right down the hall.,お手洗いはどこ？,廊下をまっすぐ行ったところだよ。,Ivy,Kevin,1,Ivy,Kevin,___________,It's right down the hall.,Where's the bathroom?,Where's|the|bathroom?,e0023-a.mp3,e0023-b.mp3,1,user,Kevin.png,right,left
e0024,va0012,bathroom,I need to clean the bathroom before Mom gets home.,,ママが帰ってくる前にお風呂場を掃除しないと。,,Ivy,,1,Ivy,,___________,,I need to clean the bathroom before Mom gets home.,I|need|to|clean|the|bathroom|before|Mom|gets|home.,e0024-a.mp3,,1,user,,right,none
e0025,va0013,clothes,"You should change your clothes, they're all wet!",,服着替えたほうがいいよ、びしょ濡れじゃん！,,Matthew,,1,Matthew,,___________,,"You should change your clothes, they're all wet!","You|should|change|your|clothes,|they're|all|wet!",e0025-a.mp3,,1,Matthew.png,,left,none
e0026,va0013,clothes,I put my clothes in the washing machine.,,服を洗濯機に入れたよ。,,Ivy,,1,Ivy,,___________,,I put my clothes in the washing machine.,I|put|my|clothes|in|the|washing|machine.,e0026-a.mp3,,1,user,,right,none
e0027,va0014,make,Can you make pancakes for breakfast?,"Sure, coming right up!",朝ごはんにパンケーキ作ってくれる？,もちろん、すぐ作るね！,Ivy,Matthew,1,Ivy,Matthew,___________,"Sure, coming right up!",Can you make pancakes for breakfast?,Can|you|make|pancakes|for|breakfast?,e0027-a.mp3,e0027-b.mp3,1,user,Matthew.png,right,left
e0028,va0014,make,Loud noises make my dog nervous.,,大きな音がすると、うちの犬が不安になるんだ。,,Ivy,,1,Ivy,,___________,,Loud noises make my dog nervous.,Loud|noises|make|my|dog|nervous.,e0028-a.mp3,,1,user,,right,none
e0029,va0015,run,"Let's run to the bus stop, we're late!","Okay, go go go!",バス停まで走ろう、遅刻しちゃう！,了解、行くよ！,Ivy,Kevin,1,Ivy,Kevin,___________,"Okay, go go go!","Let's run to the bus stop, we're late!","Let's|run|to|the|bus|stop,|we're|late!",e0029-a.mp3,e0029-b.mp3,1,user,Kevin.png,right,left
e0030,va0015,run,My nose is running. I think I have a cold.,,鼻水が出るんだ。風邪ひいたかも。,,Ivy,,1,Ivy,,___________,,My nose is running. I think I have a cold.,My|nose|is|running.|I|think|I|have|a|cold.,e0030-a.mp3,,1,user,,right,none
e0031,va0016,rain,Is it going to rain today?,"Yeah, bring an umbrella!",今日雨降るかな？,うん、傘持って行きな！,Ivy,Kevin,1,Ivy,Kevin,___________,"Yeah, bring an umbrella!",Is it going to rain today?,Is|it|going|to|rain|today?,e0031-a.mp3,e0031-b.mp3,1,user,Kevin.png,right,left
e0032,va0016,rain,I love the sound of rain on the window.,,窓に当たる雨の音が好きなんだ。,,Ivy,,1,Ivy,,___________,,I love the sound of rain on the window.,I|love|the|sound|of|rain|on|the|window.,e0032-a.mp3,,1,user,,right,none
e0033,va0017,answer,Do you know the answer to this question?,"Nope, no idea!",この問題の答えわかる？,ううん、全然わかんない！,Ivy,Kevin,1,Ivy,Kevin,___________,"Nope, no idea!",Do you know the answer to this question?,Do|you|know|the|answer|to|this|question?,e0033-a.mp3,e0033-b.mp3,1,user,Kevin.png,right,left
e0034,va0017,answer,"Please answer the phone, it's ringing!",,電話出てよ、鳴ってるよ！,,Matthew,,1,Matthew,,___________,,"Please answer the phone, it's ringing!","Please|answer|the|phone,|it's|ringing!",e0034-a.mp3,,1,Matthew.png,,left,none
e0035,va0018,have,Do you have a pencil I can borrow?,"Sure, here you go!",鉛筆貸してもらえる？,もちろん、はいどうぞ！,Ivy,Kevin,1,Ivy,Kevin,___________,"Sure, here you go!",Do you have a pencil I can borrow?,Do|you|have|a|pencil|I|can|borrow?,e0035-a.mp3,e0035-b.mp3,1,user,Kevin.png,right,left
e0036,va0018,have,"I have to leave now, or I'll be late.",,もう出ないと、遅れちゃう。,,Ivy,,1,Ivy,,___________,,"I have to leave now, or I'll be late.","I|have|to|leave|now,|or|I'll|be|late.",e0036-a.mp3,,1,user,,right,none
e0037,va0019,country,Which country do you want to visit?,"Japan, for sure!",どの国に行ってみたい？,絶対日本！,Ivy,Kevin,1,Ivy,Kevin,___________,"Japan, for sure!",Which country do you want to visit?,Which|country|do|you|want|to|visit?,e0037-a.mp3,e0037-b.mp3,1,user,Kevin.png,right,left
e0038,va0019,country,This country has beautiful mountains and lakes.,,この国には美しい山と湖があるんだ。,,Ivy,,1,Ivy,,___________,,This country has beautiful mountains and lakes.,This|country|has|beautiful|mountains|and|lakes.,e0038-a.mp3,,1,user,,right,none
e0039,va0020,need,I need help with my homework.,"No problem, let's do it together!",宿題手伝ってほしいな。,いいよ、一緒にやろう！,Ivy,Kevin,1,Ivy,Kevin,___________,"No problem, let's do it together!",I need help with my homework.,I|need|help|with|my|homework.,e0039-a.mp3,e0039-b.mp3,1,user,Kevin.png,right,left
e0040,va0020,need,You don't need to worry about it.,,そのこと、心配しなくていいよ。,,Matthew,,1,Matthew,,___________,,You don't need to worry about it.,You|don't|need|to|worry|about|it.,e0040-a.mp3,,1,Matthew.png,,left,none
e0041,va0021,easy,Was the test easy?,"Yeah, super easy!",テスト簡単だった？,うん、めっちゃ簡単だった！,Ivy,Kevin,1,Ivy,Kevin,___________,"Yeah, super easy!",Was the test easy?,Was|the|test|easy?,e0041-a.mp3,e0041-b.mp3,1,user,Kevin.png,right,left
e0042,va0021,easy,It's not easy to wake up early in winter.,,冬に早起きするのって大変だよね。,,Ivy,,1,Ivy,,___________,,It's not easy to wake up early in winter.,It's|not|easy|to|wake|up|early|in|winter.,e0042-a.mp3,,1,user,,right,none
e0043,va0022,open,Can you open the window? It's hot in here.,Sure!,窓開けてくれる？暑いんだ。,いいよ！,Ivy,Matthew,1,Ivy,Matthew,___________,Sure!,Can you open the window? It's hot in here.,Can|you|open|the|window?|It's|hot|in|here.,e0043-a.mp3,e0043-b.mp3,1,user,Matthew.png,right,left
e0044,va0022,open,The store opens at nine in the morning.,,そのお店は朝9時に開くよ。,,Ivy,,1,Ivy,,___________,,The store opens at nine in the morning.,The|store|opens|at|nine|in|the|morning.,e0044-a.mp3,,1,user,,right,none
e0045,va0023,thanks,Here's your coffee.,Thanks a lot!,コーヒーどうぞ。,ありがとう！,Matthew,Ivy,2,Matthew,Ivy,Here's your coffee.,___________,Thanks a lot!,Thanks|a|lot!,e0045-a.mp3,e0045-b.mp3,1,Matthew.png,user,left,right
e0046,va0023,thanks,Big thanks to everyone who helped clean up.,,片付けを手伝ってくれたみんな、本当にありがとう。,,Ivy,,1,Ivy,,___________,,Big thanks to everyone who helped clean up.,Big|thanks|to|everyone|who|helped|clean|up.,e0046-a.mp3,,1,user,,right,none
e0047,va0024,everything,Is everything okay?,"Yeah, everything's fine now.",全部大丈夫？,うん、もう全部大丈夫だよ。,Ivy,Kevin,1,Ivy,Kevin,___________,"Yeah, everything's fine now.",Is everything okay?,Is|everything|okay?,e0047-a.mp3,e0047-b.mp3,1,user,Kevin.png,right,left
e0048,va0024,everything,I packed everything for the trip already.,,旅行の荷物、もう全部詰めたよ。,,Ivy,,1,Ivy,,___________,,I packed everything for the trip already.,I|packed|everything|for|the|trip|already.,e0048-a.mp3,,1,user,,right,none
e0049,va0025,between,The cat is sitting between the two chairs.,,猫が二つの椅子の間に座ってるよ。,,Ivy,,1,Ivy,,___________,,The cat is sitting between the two chairs.,The|cat|is|sitting|between|the|two|chairs.,e0049-a.mp3,,1,user,,right,none
e0050,va0025,between,"Just keep this between us, okay?",,これは二人だけの秘密ね、いい？,,Kevin,,1,Kevin,,___________,,"Just keep this between us, okay?","Just|keep|this|between|us,|okay?",e0050-a.mp3,,1,Kevin.png,,left,none
e0051,va0026,fish,Do you like fish?,"Yeah, I eat it every week!",魚は好き？,うん、毎週食べてるよ！,Ivy,Kevin,1,Ivy,Kevin,___________,"Yeah, I eat it every week!",Do you like fish?,Do|you|like|fish?,e0051-a.mp3,e0051-b.mp3,1,user,Kevin.png,right,left
e0052,va0026,fish,We saw so many fish at the aquarium!,,水族館でたくさんの魚を見たよ！,,Ivy,,1,Ivy,,___________,,We saw so many fish at the aquarium!,We|saw|so|many|fish|at|the|aquarium!,e0052-a.mp3,,1,user,,right,none
e0053,va0027,tall,"Wow, you're so tall now!",I grew five centimeters this year!,わあ、すごく背が伸びたね！,今年5センチ伸びたんだ！,Kevin,Ivy,1,Kevin,Ivy,___________,I grew five centimeters this year!,"Wow, you're so tall now!","Wow,|you're|so|tall|now!",e0053-a.mp3,e0053-b.mp3,1,Kevin.png,user,left,right
e0054,va0027,tall,That's a really tall building.,,あれ、本当に高いビルだね。,,Ivy,,1,Ivy,,___________,,That's a really tall building.,That's|a|really|tall|building.,e0054-a.mp3,,1,user,,right,none
e0055,va0028,try,"You should try this cake, it's delicious!","Okay, I will!",このケーキ食べてみて、美味しいよ！,うん、食べてみる！,Matthew,Ivy,1,Matthew,Ivy,___________,"Okay, I will!","You should try this cake, it's delicious!","You|should|try|this|cake,|it's|delicious!",e0055-a.mp3,e0055-b.mp3,1,Matthew.png,user,left,right
e0056,va0028,try,I'll try my best in the race tomorrow.,,明日のレース、頑張るよ。,,Ivy,,1,Ivy,,___________,,I'll try my best in the race tomorrow.,I'll|try|my|best|in|the|race|tomorrow.,e0056-a.mp3,,1,user,,right,none
e0057,va0029,friend,Who's that?,"Oh, she's my best friend from school.",あの子誰？,あ、学校の親友だよ。,Kevin,Ivy,2,Kevin,Ivy,Who's that?,___________,"Oh, she's my best friend from school.","Oh,|she's|my|best|friend|from|school.",e0057-a.mp3,e0057-b.mp3,1,Kevin.png,user,left,right
e0058,va0029,friend,I made a new friend at camp this summer.,,この夏、キャンプで新しい友達ができたんだ。,,Ivy,,1,Ivy,,___________,,I made a new friend at camp this summer.,I|made|a|new|friend|at|camp|this|summer.,e0058-a.mp3,,1,user,,right,none
e0059,va0030,family,How many people are in your family?,"Five, with my two little brothers!",家族は何人？,5人だよ、小さい弟が二人いるんだ！,Ivy,Kevin,1,Ivy,Kevin,___________,"Five, with my two little brothers!",How many people are in your family?,How|many|people|are|in|your|family?,e0059-a.mp3,e0059-b.mp3,1,user,Kevin.png,right,left
e0060,va0030,family,My family is going to the beach this weekend.,,うちの家族、今週末海に行くんだ。,,Ivy,,1,Ivy,,___________,,My family is going to the beach this weekend.,My|family|is|going|to|the|beach|this|weekend.,e0060-a.mp3,,1,user,,right,none
e0061,va0042,learn,I'm learning how to play the guitar.,That's so cool!,ギター弾けるように練習してるんだ。,それすごくいいね！,Ivy,Kevin,1,Ivy,Kevin,___________,That's so cool!,I'm learning how to play the guitar.,I'm|learning|how|to|play|the|guitar.,e0061-a.mp3,e0061-b.mp3,1,user,Kevin.png,right,left
e0062,va0042,learn,You learn something new every day.,,毎日何か新しいことを学ぶよね。,,Ivy,,1,Ivy,,___________,,You learn something new every day.,You|learn|something|new|every|day.,e0062-a.mp3,,1,user,,right,none
e0063,va0043,clean,Can you clean your room before dinner?,"Okay, I'm doing it now!",夕食前に部屋掃除してくれる？,うん、今やってるよ！,Matthew,Ivy,1,Matthew,Ivy,___________,"Okay, I'm doing it now!",Can you clean your room before dinner?,Can|you|clean|your|room|before|dinner?,e0063-a.mp3,e0063-b.mp3,1,Matthew.png,user,left,right
e0064,va0043,clean,"This towel isn't clean, can I get another one?",,このタオル汚れてる、別のもらえる？,,Ivy,,1,Ivy,,___________,,"This towel isn't clean, can I get another one?","This|towel|isn't|clean,|can|I|get|another|one?",e0064-a.mp3,,1,user,,right,none
e0065,va0044,say,What did you say?,I said I'm hungry!,何て言ったの？,お腹すいたって言ったんだよ！,Kevin,Ivy,1,Kevin,Ivy,___________,I said I'm hungry!,What did you say?,What|did|you|say?,e0065-a.mp3,e0065-b.mp3,1,Kevin.png,user,left,right
e0066,va0044,say,I don't know what to say.,,何て言えばいいかわからないな。,,Ivy,,1,Ivy,,___________,,I don't know what to say.,I|don't|know|what|to|say.,e0066-a.mp3,,1,user,,right,none
e0067,va0045,call,Can you call me tonight?,"Sure, around seven?",今夜電話してくれる？,うん、7時くらいでいい？,Ivy,Kevin,1,Ivy,Kevin,___________,"Sure, around seven?",Can you call me tonight?,Can|you|call|me|tonight?,e0067-a.mp3,e0067-b.mp3,1,user,Kevin.png,right,left
e0068,va0045,call,What do you call this in English?,,これ英語で何て呼ぶの？,,Ivy,,1,Ivy,,___________,,What do you call this in English?,What|do|you|call|this|in|English?,e0068-a.mp3,,1,user,,right,none
e0069,va0046,everyone,Is everyone ready?,"Yep, we're all set!",みんな準備できた？,うん、準備万端！,Kevin,Ivy,1,Kevin,Ivy,___________,"Yep, we're all set!",Is everyone ready?,Is|everyone|ready?,e0069-a.mp3,e0069-b.mp3,1,Kevin.png,user,left,right
e0070,va0046,everyone,Everyone loves her cooking.,,みんな彼女の料理が大好きなんだ。,,Ivy,,1,Ivy,,___________,,Everyone loves her cooking.,Everyone|loves|her|cooking.,e0070-a.mp3,,1,user,,right,none
e0071,va0047,window,"Close the window, it's getting cold.","Oh, sorry, okay!",窓閉めて、寒くなってきた。,あ、ごめん、了解！,Matthew,Ivy,1,Matthew,Ivy,___________,"Oh, sorry, okay!","Close the window, it's getting cold.","Close|the|window,|it's|getting|cold.",e0071-a.mp3,e0071-b.mp3,1,Matthew.png,user,left,right
e0072,va0047,window,A bird just flew past the window!,,今、窓の外を鳥が飛んでったよ！,,Ivy,,1,Ivy,,___________,,A bird just flew past the window!,A|bird|just|flew|past|the|window!,e0072-a.mp3,,1,user,,right,none
e0073,va0048,at school,Did anything fun happen at school today?,"Yeah, we had an art contest!",今日学校で何か楽しいことあった？,うん、絵画コンテストがあったんだ！,Kevin,Ivy,1,Kevin,Ivy,___________,"Yeah, we had an art contest!",Did anything fun happen at school today?,Did|anything|fun|happen|at|school|today?,e0073-a.mp3,e0073-b.mp3,1,Kevin.png,user,left,right
e0074,va0048,at school,I left my jacket at school again.,,また学校にジャケット忘れちゃった。,,Ivy,,1,Ivy,,___________,,I left my jacket at school again.,I|left|my|jacket|at|school|again.,e0074-a.mp3,,1,user,,right,none
e0075,va0049,people,So many people are at the park today!,,今日は公園にたくさん人がいるね！,,Ivy,,1,Ivy,,___________,,So many people are at the park today!,So|many|people|are|at|the|park|today!,e0075-a.mp3,,1,user,,right,none
e0076,va0049,people,Some people don't like spicy food.,,辛い食べ物が苦手な人もいるよね。,,Ivy,,1,Ivy,,___________,,Some people don't like spicy food.,Some|people|don't|like|spicy|food.,e0076-a.mp3,,1,user,,right,none
e0077,va0050,add,Can you add some sugar to my tea?,"Sure, how much?",紅茶に砂糖入れてくれる？,うん、どれくらい？,Ivy,Matthew,1,Ivy,Matthew,___________,"Sure, how much?",Can you add some sugar to my tea?,Can|you|add|some|sugar|to|my|tea?,e0077-a.mp3,e0077-b.mp3,1,user,Matthew.png,right,left
e0078,va0050,add,Let's add your name to the list.,,リストに君の名前を追加しようよ。,,Ivy,,1,Ivy,,___________,,Let's add your name to the list.,Let's|add|your|name|to|the|list.,e0078-a.mp3,,1,user,,right,none
e0079,va0051,at home,Are you staying at home this weekend?,"Yeah, I'm just relaxing.",今週末は家にいるの？,うん、ゆっくりしてるよ。,Kevin,Ivy,1,Kevin,Ivy,___________,"Yeah, I'm just relaxing.",Are you staying at home this weekend?,Are|you|staying|at|home|this|weekend?,e0079-a.mp3,e0079-b.mp3,1,Kevin.png,user,left,right
e0080,va0051,at home,I left my phone at home!,,家に携帯忘れちゃった！,,Ivy,,1,Ivy,,___________,,I left my phone at home!,I|left|my|phone|at|home!,e0080-a.mp3,,1,user,,right,none
e0081,va0052,afternoon,What are you doing this afternoon?,Playing soccer with my friends!,今日の午後何するの？,友達とサッカーするんだ！,Kevin,Ivy,1,Kevin,Ivy,___________,Playing soccer with my friends!,What are you doing this afternoon?,What|are|you|doing|this|afternoon?,e0081-a.mp3,e0081-b.mp3,1,Kevin.png,user,left,right
e0082,va0052,afternoon,Good afternoon! Did you sleep well?,,こんにちは！よく眠れた？,,Ivy,,1,Ivy,,___________,,Good afternoon! Did you sleep well?,Good|afternoon!|Did|you|sleep|well?,e0082-a.mp3,,1,user,,right,none
e0083,va0053,sleep,I didn't sleep well last night.,"Oh no, are you tired?",昨晩あんまり眠れなかったんだ。,えー、疲れてる？,Ivy,Kevin,1,Ivy,Kevin,___________,"Oh no, are you tired?",I didn't sleep well last night.,I|didn't|sleep|well|last|night.,e0083-a.mp3,e0083-b.mp3,1,user,Kevin.png,right,left
e0084,va0053,sleep,"Let's go to sleep, it's late.",,もう寝ようよ、遅いから。,,Ivy,,1,Ivy,,___________,,"Let's go to sleep, it's late.","Let's|go|to|sleep,|it's|late.",e0084-a.mp3,,1,user,,right,none
e0085,va0054,sad,Why do you look so sad?,My goldfish died this morning.,なんでそんな悲しそうなの？,今朝、金魚が死んじゃったんだ。,Kevin,Ivy,1,Kevin,Ivy,___________,My goldfish died this morning.,Why do you look so sad?,Why|do|you|look|so|sad?,e0085-a.mp3,e0085-b.mp3,1,Kevin.png,user,left,right
e0086,va0054,sad,That movie made me really sad.,,あの映画、すごく悲しくなったよ。,,Ivy,,1,Ivy,,___________,,That movie made me really sad.,That|movie|made|me|really|sad.,e0086-a.mp3,,1,user,,right,none
e0087,va0055,room,Can I come into your room?,"Sure, come on in!",君の部屋入っていい？,うん、どうぞ！,Ivy,Kevin,1,Ivy,Kevin,___________,"Sure, come on in!",Can I come into your room?,Can|I|come|into|your|room?,e0087-a.mp3,e0087-b.mp3,1,user,Kevin.png,right,left
e0088,va0055,room,There's no room for this box in here.,,ここにこの箱を入れるスペースがないよ。,,Ivy,,1,Ivy,,___________,,There's no room for this box in here.,There's|no|room|for|this|box|in|here.,e0088-a.mp3,,1,user,,right,none
e0089,va0056,with,Can I come with you?,"Of course, let's go!",一緒に行っていい？,もちろん、行こう！,Kevin,Ivy,1,Kevin,Ivy,___________,"Of course, let's go!",Can I come with you?,Can|I|come|with|you?,e0089-a.mp3,e0089-b.mp3,1,Kevin.png,user,left,right
e0090,va0056,with,I made this cake with my grandma.,,おばあちゃんと一緒にこのケーキ作ったんだ。,,Ivy,,1,Ivy,,___________,,I made this cake with my grandma.,I|made|this|cake|with|my|grandma.,e0090-a.mp3,,1,user,,right,none
e0091,va0057,bring,Don't forget to bring your umbrella.,"Okay, I won't!",傘持ってくるの忘れないでね。,うん、忘れない！,Matthew,Ivy,1,Matthew,Ivy,___________,"Okay, I won't!",Don't forget to bring your umbrella.,Don't|forget|to|bring|your|umbrella.,e0091-a.mp3,e0091-b.mp3,1,Matthew.png,user,left,right
e0092,va0057,bring,Can you bring me some snacks from the store?,,お店からお菓子買ってきてくれる？,,Ivy,,1,Ivy,,___________,,Can you bring me some snacks from the store?,Can|you|bring|me|some|snacks|from|the|store?,e0092-a.mp3,,1,user,,right,none
e0093,va0058,face,You have something on your face.,"Oh, whoops, where?",顔に何かついてるよ。,あ、やば、どこ？,Kevin,Ivy,1,Kevin,Ivy,___________,"Oh, whoops, where?",You have something on your face.,You|have|something|on|your|face.,e0093-a.mp3,e0093-b.mp3,1,Kevin.png,user,left,right
e0094,va0058,face,She had a big smile on her face.,,彼女は顔に大きな笑みを浮かべていたよ。,,Ivy,,1,Ivy,,___________,,She had a big smile on her face.,She|had|a|big|smile|on|her|face.,e0094-a.mp3,,1,user,,right,none
e0095,va0059,here,Come here for a second!,Coming!,ちょっとこっち来て！,今行く！,Kevin,Ivy,1,Kevin,Ivy,___________,Coming!,Come here for a second!,Come|here|for|a|second!,e0095-a.mp3,e0095-b.mp3,1,Kevin.png,user,left,right
e0096,va0059,here,It's so quiet here.,,ここ、すごく静かだね。,,Ivy,,1,Ivy,,___________,,It's so quiet here.,It's|so|quiet|here.,e0096-a.mp3,,1,user,,right,none
e0097,va0060,thank,I want to thank you for your help.,No problem at all!,手伝ってくれてありがとうって言いたいんだ。,全然大丈夫だよ！,Ivy,Matthew,1,Ivy,Matthew,___________,No problem at all!,I want to thank you for your help.,I|want|to|thank|you|for|your|help.,e0097-a.mp3,e0097-b.mp3,1,user,Matthew.png,right,left
e0098,va0060,thank,We should thank Grandpa for the gift.,,おじいちゃんに贈り物のお礼を言わなきゃね。,,Ivy,,1,Ivy,,___________,,We should thank Grandpa for the gift.,We|should|thank|Grandpa|for|the|gift.,e0098-a.mp3,,1,user,,right,none
e0099,va0061,sorry,I'm sorry I'm late.,"It's okay, don't worry!",遅れてごめんね。,大丈夫、気にしないで！,Ivy,Matthew,1,Ivy,Matthew,___________,"It's okay, don't worry!",I'm sorry I'm late.,I'm|sorry|I'm|late.,e0099-a.mp3,e0099-b.mp3,1,user,Matthew.png,right,left
e0100,va0061,sorry,"Sorry, can you say that again?",,ごめん、もう一回言ってくれる？,,Kevin,,1,Kevin,,___________,,"Sorry, can you say that again?","Sorry,|can|you|say|that|again?",e0100-a.mp3,,1,Kevin.png,,left,none
e0101,va0062,hand,Can you give me a hand with this?,"Sure, what do you need?",これ手伝ってくれる？,うん、何すればいい？,Kevin,Ivy,1,Kevin,Ivy,___________,"Sure, what do you need?",Can you give me a hand with this?,Can|you|give|me|a|hand|with|this?,e0101-a.mp3,e0101-b.mp3,1,Kevin.png,user,left,right
e0102,va0062,hand,Raise your hand if you know the answer.,,答えがわかる人は手を挙げてね。,,Ivy,,1,Ivy,,___________,,Raise your hand if you know the answer.,Raise|your|hand|if|you|know|the|answer.,e0102-a.mp3,,1,user,,right,none
e0103,va0063,give,Can you give this to your mom for me?,"Sure, I'll give it to her tonight.",これお母さんに渡してくれる？,うん、今夜渡しておくね。,Ivy,Matthew,1,Ivy,Matthew,___________,"Sure, I'll give it to her tonight.",Can you give this to your mom for me?,Can|you|give|this|to|your|mom|for|me?,e0103-a.mp3,e0103-b.mp3,1,user,Matthew.png,right,left
e0104,va0063,give,I'll give it my best shot.,,精一杯やってみるよ。,,Ivy,,1,Ivy,,___________,,I'll give it my best shot.,I'll|give|it|my|best|shot.,e0104-a.mp3,,1,user,,right,none
e0105,va0064,buy,I want to buy a new backpack.,Let's go to the mall this weekend!,新しいリュック買いたいな。,じゃあ今週末モールに行こうよ！,Ivy,Kevin,1,Ivy,Kevin,___________,Let's go to the mall this weekend!,I want to buy a new backpack.,I|want|to|buy|a|new|backpack.,e0105-a.mp3,e0105-b.mp3,1,user,Kevin.png,right,left
e0106,va0064,buy,"This shirt was cheap, so I bought two.",,このシャツ安かったから、2枚買っちゃった。,,Ivy,,1,Ivy,,___________,,"This shirt was cheap, so I bought two.","This|shirt|was|cheap,|so|I|bought|two.",e0106-a.mp3,,1,user,,right,none
e0107,va0065,go out,Do you want to go out for ice cream?,Yes! Let's go now!,アイス食べに出かけない？,うん！今行こう！,Kevin,Ivy,1,Kevin,Ivy,___________,Yes! Let's go now!,Do you want to go out for ice cream?,Do|you|want|to|go|out|for|ice|cream?,e0107-a.mp3,e0107-b.mp3,1,Kevin.png,user,left,right
e0108,va0065,go out,"I can't go out today, it's raining too hard.",,今日は雨が強すぎて外に出られないよ。,,Ivy,,1,Ivy,,___________,,"I can't go out today, it's raining too hard.","I|can't|go|out|today,|it's|raining|too|hard.",e0108-a.mp3,,1,user,,right,none
e0109,va0066,there,Look over there! Is that a rainbow?,"Wow, it is!",あそこ見て！虹じゃない？,わあ、本当だ！,Kevin,Ivy,1,Kevin,Ivy,___________,"Wow, it is!",Look over there! Is that a rainbow?,Look|over|there!|Is|that|a|rainbow?,e0109-a.mp3,e0109-b.mp3,1,Kevin.png,user,left,right
e0110,va0066,there,"We're almost there, just a few more minutes.",,もうすぐ着くよ、あと少しだけ。,,Ivy,,1,Ivy,,___________,,"We're almost there, just a few more minutes.","We're|almost|there,|just|a|few|more|minutes.",e0110-a.mp3,,1,user,,right,none
e0111,va0067,end,How does the movie end?,"I won't tell you, no spoilers!",その映画どうやって終わるの？,教えないよ、ネタバレなし！,Kevin,Ivy,1,Kevin,Ivy,___________,"I won't tell you, no spoilers!",How does the movie end?,How|does|the|movie|end?,e0111-a.mp3,e0111-b.mp3,1,Kevin.png,user,left,right
e0112,va0067,end,Let's meet at the end of the street.,,通りの端で待ち合わせしよう。,,Ivy,,1,Ivy,,___________,,Let's meet at the end of the street.,Let's|meet|at|the|end|of|the|street.,e0112-a.mp3,,1,user,,right,none
e0113,va0068,happy,You look really happy today!,I got a good grade on my test!,今日すごく嬉しそうだね！,テストでいい点取れたんだ！,Kevin,Ivy,1,Kevin,Ivy,___________,I got a good grade on my test!,You look really happy today!,You|look|really|happy|today!,e0113-a.mp3,e0113-b.mp3,1,Kevin.png,user,left,right
e0114,va0068,happy,I hope you have a happy birthday.,,楽しい誕生日になりますように。,,Ivy,,1,Ivy,,___________,,I hope you have a happy birthday.,I|hope|you|have|a|happy|birthday.,e0114-a.mp3,,1,user,,right,none
e0115,va0069,feel,How are you feeling today?,"Much better, thanks!",今日の調子どう？,だいぶ良くなったよ、ありがとう！,Kevin,Ivy,1,Kevin,Ivy,___________,"Much better, thanks!",How are you feeling today?,How|are|you|feeling|today?,e0115-a.mp3,e0115-b.mp3,1,Kevin.png,user,left,right
e0116,va0069,feel,I feel like eating something sweet.,,甘いもの食べたい気分だな。,,Ivy,,1,Ivy,,___________,,I feel like eating something sweet.,I|feel|like|eating|something|sweet.,e0116-a.mp3,,1,user,,right,none
e0117,va0070,ask,Can I ask you a question?,"Sure, go ahead!",質問していい？,うん、どうぞ！,Ivy,Matthew,1,Ivy,Matthew,___________,"Sure, go ahead!",Can I ask you a question?,Can|I|ask|you|a|question?,e0117-a.mp3,e0117-b.mp3,1,user,Matthew.png,right,left
e0118,va0070,ask,She didn't even ask for help.,,彼女は助けを求めようともしなかったんだ。,,Ivy,,1,Ivy,,___________,,She didn't even ask for help.,She|didn't|even|ask|for|help.,e0118-a.mp3,,1,user,,right,none
e0119,va0071,put ~ on,"Put your shoes on, we're leaving!","Okay, one second!",靴履いて、出発するよ！,うん、ちょっと待って！,Matthew,Ivy,1,Matthew,Ivy,___________,"Okay, one second!","Put your shoes on, we're leaving!","Put|your|shoes|on,|we're|leaving!",e0119-a.mp3,e0119-b.mp3,1,Matthew.png,user,left,right
e0120,va0071,put ~ on,I put on my favorite jacket for the trip.,,旅行のためにお気に入りのジャケットを着たよ。,,Ivy,,1,Ivy,,___________,,I put on my favorite jacket for the trip.,I|put|on|my|favorite|jacket|for|the|trip.,e0120-a.mp3,,1,user,,right,none
e0121,va0072,take,Can you take this upstairs for me?,"Sure, no problem.",これ上の階に持って行ってくれる？,うん、いいよ。,Ivy,Matthew,1,Ivy,Matthew,___________,"Sure, no problem.",Can you take this upstairs for me?,Can|you|take|this|upstairs|for|me?,e0121-a.mp3,e0121-b.mp3,1,user,Matthew.png,right,left
e0122,va0072,take,It takes ten minutes to walk to school.,,学校まで歩いて10分かかるよ。,,Ivy,,1,Ivy,,___________,,It takes ten minutes to walk to school.,It|takes|ten|minutes|to|walk|to|school.,e0122-a.mp3,,1,user,,right,none
e0123,va0073,help,Can you help me carry these bags?,"Of course, give me one!",この袋運ぶの手伝ってくれる？,もちろん、一つちょうだい！,Ivy,Kevin,1,Ivy,Kevin,___________,"Of course, give me one!",Can you help me carry these bags?,Can|you|help|me|carry|these|bags?,e0123-a.mp3,e0123-b.mp3,1,user,Kevin.png,right,left
e0124,va0073,help,I couldn't help laughing at his joke.,,彼の冗談に笑わずにいられなかったよ。,,Ivy,,1,Ivy,,___________,,I couldn't help laughing at his joke.,I|couldn't|help|laughing|at|his|joke.,e0124-a.mp3,,1,user,,right,none
e0125,va0074,meet,Nice to meet you!,Nice to meet you too!,はじめまして！,こちらこそ、はじめまして！,Ivy,Ruth,1,Ivy,Ruth,___________,Nice to meet you too!,Nice to meet you!,Nice|to|meet|you!,e0125-a.mp3,e0125-b.mp3,1,user,05.png,right,left
e0126,va0074,meet,Let's meet in front of the station at three.,,3時に駅の前で待ち合わせしよう。,,Ivy,,1,Ivy,,___________,,Let's meet in front of the station at three.,Let's|meet|in|front|of|the|station|at|three.,e0126-a.mp3,,1,user,,right,none
e0127,va0075,other,I have some other ideas for the project.,,このプロジェクトについて他にもアイデアがあるんだ。,,Ivy,,1,Ivy,,___________,,I have some other ideas for the project.,I|have|some|other|ideas|for|the|project.,e0127-a.mp3,,1,user,,right,none
e0128,va0075,other,"One shoe is here, but where's the other one?",,靴が片方あるけど、もう片方はどこ？,,Ivy,,1,Ivy,,___________,,"One shoe is here, but where's the other one?","One|shoe|is|here,|but|where's|the|other|one?",e0128-a.mp3,,1,user,,right,none
e0129,va0076,art,"I love art class, we get to paint today!","Lucky, I have math instead.",美術の授業大好き、今日絵を描くんだ！,いいなあ、私は代わりに算数だよ。,Ivy,Kevin,1,Ivy,Kevin,___________,"Lucky, I have math instead.","I love art class, we get to paint today!","I|love|art|class,|we|get|to|paint|today!",e0129-a.mp3,e0129-b.mp3,1,user,Kevin.png,right,left
e0130,va0076,art,This painting is a famous piece of art.,,この絵は有名な美術作品なんだ。,,Ivy,,1,Ivy,,___________,,This painting is a famous piece of art.,This|painting|is|a|famous|piece|of|art.,e0130-a.mp3,,1,user,,right,none
e0131,va0077,small,This shirt is too small for me now.,You've grown so much!,このシャツもう小さすぎるんだ。,すごく大きくなったね！,Ivy,Matthew,1,Ivy,Matthew,___________,You've grown so much!,This shirt is too small for me now.,This|shirt|is|too|small|for|me|now.,e0131-a.mp3,e0131-b.mp3,1,user,Matthew.png,right,left
e0132,va0077,small,We live in a small town near the mountains.,,私たちは山の近くの小さな町に住んでるんだ。,,Ivy,,1,Ivy,,___________,,We live in a small town near the mountains.,We|live|in|a|small|town|near|the|mountains.,e0132-a.mp3,,1,user,,right,none
e0133,va0078,cow,"Look, there's a cow in the field!",So cute! Can we get closer?,見て、あそこに牛がいるよ！,かわいい！近くに行ってみようよ！,Kevin,Ivy,1,Kevin,Ivy,___________,So cute! Can we get closer?,"Look, there's a cow in the field!","Look,|there's|a|cow|in|the|field!",e0133-a.mp3,e0133-b.mp3,1,Kevin.png,user,left,right
e0134,va0078,cow,This milk comes from cows on that farm.,,この牛乳はあの牧場の牛から採れたものだよ。,,Ivy,,1,Ivy,,___________,,This milk comes from cows on that farm.,This|milk|comes|from|cows|on|that|farm.,e0134-a.mp3,,1,user,,right,none
e0135,va0079,find,I can't find my keys anywhere.,Did you check your jacket pocket?,鍵がどこにも見つからないんだ。,ジャケットのポケット見た？,Ivy,Matthew,1,Ivy,Matthew,___________,Did you check your jacket pocket?,I can't find my keys anywhere.,I|can't|find|my|keys|anywhere.,e0135-a.mp3,e0135-b.mp3,1,user,Matthew.png,right,left
e0136,va0079,find,I found a really cool rock at the beach.,,浜辺ですごくかっこいい石を見つけたよ。,,Ivy,,1,Ivy,,___________,,I found a really cool rock at the beach.,I|found|a|really|cool|rock|at|the|beach.,e0136-a.mp3,,1,user,,right,none
e0137,va0080,always,You always make me laugh.,That's what friends are for!,君はいつも私を笑わせてくれるね。,それが友達ってもんでしょ！,Kevin,Ivy,1,Kevin,Ivy,___________,That's what friends are for!,You always make me laugh.,You|always|make|me|laugh.,e0137-a.mp3,e0137-b.mp3,1,Kevin.png,user,left,right
e0138,va0080,always,I always brush my teeth before bed.,,寝る前は必ず歯を磨くんだ。,,Ivy,,1,Ivy,,___________,,I always brush my teeth before bed.,I|always|brush|my|teeth|before|bed.,e0138-a.mp3,,1,user,,right,none
e0139,va0081,early,We need to wake up early tomorrow.,"Ugh, how early?",明日は早起きしないとね。,うー、どれくらい早く？,Matthew,Ivy,1,Matthew,Ivy,___________,"Ugh, how early?",We need to wake up early tomorrow.,We|need|to|wake|up|early|tomorrow.,e0139-a.mp3,e0139-b.mp3,1,Matthew.png,user,left,right
e0140,va0081,early,I finished my homework early today.,,今日は宿題を早く終わらせたよ。,,Ivy,,1,Ivy,,___________,,I finished my homework early today.,I|finished|my|homework|early|today.,e0140-a.mp3,,1,user,,right,none
e0141,va0082,something,I have something to tell you.,What is it?,話したいことがあるんだ。,何？,Ivy,Kevin,1,Ivy,Kevin,___________,What is it?,I have something to tell you.,I|have|something|to|tell|you.,e0141-a.mp3,e0141-b.mp3,1,user,Kevin.png,right,left
e0142,va0082,something,Something smells really good in the kitchen.,,キッチンから何かいい匂いがするね。,,Ivy,,1,Ivy,,___________,,Something smells really good in the kitchen.,Something|smells|really|good|in|the|kitchen.,e0142-a.mp3,,1,user,,right,none
e0143,va0083,together,Let's do our homework together.,"Sounds good, come over after lunch!",一緒に宿題やろうよ。,いいね、お昼の後においでよ！,Ivy,Kevin,1,Ivy,Kevin,___________,"Sounds good, come over after lunch!",Let's do our homework together.,Let's|do|our|homework|together.,e0143-a.mp3,e0143-b.mp3,1,user,Kevin.png,right,left
e0144,va0083,together,We built this treehouse together last summer.,,去年の夏、一緒にこのツリーハウスを作ったんだ。,,Ivy,,1,Ivy,,___________,,We built this treehouse together last summer.,We|built|this|treehouse|together|last|summer.,e0144-a.mp3,,1,user,,right,none
e0145,va0084,key,Do you have the key to the front door?,"Yeah, it's in my bag.",玄関の鍵持ってる？,うん、バッグの中にあるよ。,Ivy,Matthew,1,Ivy,Matthew,___________,"Yeah, it's in my bag.",Do you have the key to the front door?,Do|you|have|the|key|to|the|front|door?,e0145-a.mp3,e0145-b.mp3,1,user,Matthew.png,right,left
e0146,va0084,key,Practice is the key to getting better.,,上達するための鍵は練習だよ。,,Ivy,,1,Ivy,,___________,,Practice is the key to getting better.,Practice|is|the|key|to|getting|better.,e0146-a.mp3,,1,user,,right,none
e0147,va0085,cartoon,What's your favorite cartoon?,I really like the one about the talking dog!,好きなアニメ番組は何？,しゃべる犬のやつが本当に好きなんだ！,Kevin,Ivy,1,Kevin,Ivy,___________,I really like the one about the talking dog!,What's your favorite cartoon?,What's|your|favorite|cartoon?,e0147-a.mp3,e0147-b.mp3,1,Kevin.png,user,left,right
e0148,va0085,cartoon,We watched cartoons all Saturday morning.,,土曜の朝はずっとアニメを見てたよ。,,Ivy,,1,Ivy,,___________,,We watched cartoons all Saturday morning.,We|watched|cartoons|all|Saturday|morning.,e0148-a.mp3,,1,user,,right,none
e0149,va0086,own,I want to have my own room someday.,,いつか自分だけの部屋が欲しいな。,,Ivy,,1,Ivy,,___________,,I want to have my own room someday.,I|want|to|have|my|own|room|someday.,e0149-a.mp3,,1,user,,right,none
e0150,va0086,own,She made this bracelet on her own.,,彼女はこのブレスレットを一人で作ったんだ。,,Ivy,,1,Ivy,,___________,,She made this bracelet on her own.,She|made|this|bracelet|on|her|own.,e0150-a.mp3,,1,user,,right,none
e0151,va0087,cough,"You have a bad cough, are you okay?","Yeah, just a little cold.",ひどい咳だね、大丈夫？,うん、ちょっと風邪ひいただけ。,Matthew,Ivy,1,Matthew,Ivy,___________,"Yeah, just a little cold.","You have a bad cough, are you okay?","You|have|a|bad|cough,|are|you|okay?",e0151-a.mp3,e0151-b.mp3,1,Matthew.png,user,left,right
e0152,va0087,cough,I coughed so much during the movie.,,映画の間ずっと咳が出ちゃったよ。,,Ivy,,1,Ivy,,___________,,I coughed so much during the movie.,I|coughed|so|much|during|the|movie.,e0152-a.mp3,,1,user,,right,none
e0153,va0088,happen,What happened to your arm?,I fell off my bike.,腕どうしたの？,自転車で転んだんだ。,Matthew,Ivy,1,Matthew,Ivy,___________,I fell off my bike.,What happened to your arm?,What|happened|to|your|arm?,e0153-a.mp3,e0153-b.mp3,1,Matthew.png,user,left,right
e0154,va0088,happen,Nothing exciting happened at school today.,,今日は学校で特に何もなかったよ。,,Ivy,,1,Ivy,,___________,,Nothing exciting happened at school today.,Nothing|exciting|happened|at|school|today.,e0154-a.mp3,,1,user,,right,none
e0155,va0089,hurry,"Hurry up, the bus is coming!","I'm hurrying, wait for me!",急いで、バス来るよ！,急いでるよ、待って！,Matthew,Ivy,1,Matthew,Ivy,___________,"I'm hurrying, wait for me!","Hurry up, the bus is coming!","Hurry|up,|the|bus|is|coming!",e0155-a.mp3,e0155-b.mp3,1,Matthew.png,user,left,right
e0156,va0089,hurry,"There's no need to hurry, we have plenty of time.",,急ぐ必要ないよ、時間はたっぷりあるから。,,Ivy,,1,Ivy,,___________,,"There's no need to hurry, we have plenty of time.","There's|no|need|to|hurry,|we|have|plenty|of|time.",e0156-a.mp3,,1,user,,right,none
e0157,va0090,into,The cat jumped into the box.,,猫が箱の中に飛び込んだよ。,,Ivy,,1,Ivy,,___________,,The cat jumped into the box.,The|cat|jumped|into|the|box.,e0157-a.mp3,,1,user,,right,none
e0158,va0090,into,Let's turn this room into a fort!,Yes! I'll get the blankets!,この部屋を秘密基地にしよう！,賛成！毛布持ってくる！,Kevin,Ivy,1,Kevin,Ivy,___________,Yes! I'll get the blankets!,Let's turn this room into a fort!,Let's|turn|this|room|into|a|fort!,e0158-a.mp3,e0158-b.mp3,1,Kevin.png,user,left,right
e0159,va0091,at work,Is your dad at work right now?,"Yeah, he'll be home by six.",お父さん今仕事中？,うん、6時までには帰ってくるよ。,Ivy,Matthew,1,Ivy,Matthew,___________,"Yeah, he'll be home by six.",Is your dad at work right now?,Is|your|dad|at|work|right|now?,e0159-a.mp3,e0159-b.mp3,1,user,Matthew.png,right,left
e0160,va0091,at work,I left my umbrella at work again.,,また傘を職場に忘れちゃった。,,Ivy,,1,Ivy,,___________,,I left my umbrella at work again.,I|left|my|umbrella|at|work|again.,e0160-a.mp3,,1,user,,right,none
e0161,va0092,feeling,How's your feeling today?,"Pretty good, actually!",今日の気分はどう？,実は結構いいよ！,Kevin,Ivy,1,Kevin,Ivy,___________,"Pretty good, actually!",How's your feeling today?,How's|your|feeling|today?,e0161-a.mp3,e0161-b.mp3,1,Kevin.png,user,left,right
e0162,va0092,feeling,I have a good feeling about this game.,,この試合、いい予感がするんだ。,,Ivy,,1,Ivy,,___________,,I have a good feeling about this game.,I|have|a|good|feeling|about|this|game.,e0162-a.mp3,,1,user,,right,none
e0163,va0093,all day,I've been cleaning all day.,No wonder you look tired!,一日中ずっと掃除してたんだ。,だから疲れてるんだね！,Ivy,Matthew,1,Ivy,Matthew,___________,No wonder you look tired!,I've been cleaning all day.,I've|been|cleaning|all|day.,e0163-a.mp3,e0163-b.mp3,1,user,Matthew.png,right,left
e0164,va0093,all day,It rained all day yesterday.,,昨日は一日中雨が降ってたよ。,,Ivy,,1,Ivy,,___________,,It rained all day yesterday.,It|rained|all|day|yesterday.,e0164-a.mp3,,1,user,,right,none
e0165,va0094,star,"Look, you can see so many stars tonight!",It's beautiful!,見て、今夜は星がたくさん見えるよ！,きれい！,Kevin,Ivy,1,Kevin,Ivy,___________,It's beautiful!,"Look, you can see so many stars tonight!","Look,|you|can|see|so|many|stars|tonight!",e0165-a.mp3,e0165-b.mp3,1,Kevin.png,user,left,right
e0166,va0094,star,She's the star of the school play.,,彼女は学校の劇の主役なんだ。,,Ivy,,1,Ivy,,___________,,She's the star of the school play.,She's|the|star|of|the|school|play.,e0166-a.mp3,,1,user,,right,none
e0167,va0095,same,We're wearing the same shirt!,"Ha, what a coincidence!",私たち同じシャツ着てる！,わっ、偶然だね！,Kevin,Ivy,1,Kevin,Ivy,___________,"Ha, what a coincidence!",We're wearing the same shirt!,We're|wearing|the|same|shirt!,e0167-a.mp3,e0167-b.mp3,1,Kevin.png,user,left,right
e0168,va0095,same,I always order the same thing at this restaurant.,,このお店ではいつも同じもの頼んじゃうんだ。,,Ivy,,1,Ivy,,___________,,I always order the same thing at this restaurant.,I|always|order|the|same|thing|at|this|restaurant.,e0168-a.mp3,,1,user,,right,none
e0169,va0096,way,Do you know the way to the library?,"Yeah, follow me!",図書館への行き方わかる？,うん、ついてきて！,Ivy,Kevin,1,Ivy,Kevin,___________,"Yeah, follow me!",Do you know the way to the library?,Do|you|know|the|way|to|the|library?,e0169-a.mp3,e0169-b.mp3,1,user,Kevin.png,right,left
e0170,va0096,way,There's no way I'm eating that spicy sauce!,,そんな辛いソース、絶対食べないよ！,,Ivy,,1,Ivy,,___________,,There's no way I'm eating that spicy sauce!,There's|no|way|I'm|eating|that|spicy|sauce!,e0170-a.mp3,,1,user,,right,none
e0171,va0097,playground,Let's meet at the playground after school.,"Okay, see you there!",放課後、公園の遊び場で会おうよ。,うん、そこで会おうね！,Ivy,Kevin,1,Ivy,Kevin,___________,"Okay, see you there!",Let's meet at the playground after school.,Let's|meet|at|the|playground|after|school.,e0171-a.mp3,e0171-b.mp3,1,user,Kevin.png,right,left
e0172,va0097,playground,The playground was full of kids today.,,今日は遊び場が子どもたちでいっぱいだったよ。,,Ivy,,1,Ivy,,___________,,The playground was full of kids today.,The|playground|was|full|of|kids|today.,e0172-a.mp3,,1,user,,right,none
e0173,va0098,win,I really want to win this race.,You've got this!,このレース絶対勝ちたいんだ。,君ならできるよ！,Ivy,Kevin,1,Ivy,Kevin,___________,You've got this!,I really want to win this race.,I|really|want|to|win|this|race.,e0173-a.mp3,e0173-b.mp3,1,user,Kevin.png,right,left
e0174,va0098,win,Our team won the game yesterday!,,昨日、うちのチームが試合に勝ったんだ！,,Ivy,,1,Ivy,,___________,,Our team won the game yesterday!,Our|team|won|the|game|yesterday!,e0174-a.mp3,,1,user,,right,none
e0175,va0099,stand,Can you stand on one leg?,Let me try!,片足で立てる？,やってみる！,Kevin,Ivy,1,Kevin,Ivy,___________,Let me try!,Can you stand on one leg?,Can|you|stand|on|one|leg?,e0175-a.mp3,e0175-b.mp3,1,Kevin.png,user,left,right
e0176,va0099,stand,I can't stand loud noises in the morning.,,朝の大きな音には耐えられないんだ。,,Ivy,,1,Ivy,,___________,,I can't stand loud noises in the morning.,I|can't|stand|loud|noises|in|the|morning.,e0176-a.mp3,,1,user,,right,none
e0177,va0100,excuse,"Excuse me, can you help me find this store?","Sure, it's just around the corner.",すみません、このお店探すの手伝ってもらえますか？,もちろん、すぐそこの角ですよ。,Ivy,Matthew,1,Ivy,Matthew,___________,"Sure, it's just around the corner.","Excuse me, can you help me find this store?","Excuse|me,|can|you|help|me|find|this|store?",e0177-a.mp3,e0177-b.mp3,1,user,Matthew.png,right,left
e0178,va0100,excuse,That's not a good excuse for being late.,,それは遅刻の言い訳としては良くないよ。,,Ivy,,1,Ivy,,___________,,That's not a good excuse for being late.,That's|not|a|good|excuse|for|being|late.,e0178-a.mp3,,1,user,,right,none
e0179,va0101,inside,"Let's go inside, it's freezing out here.","Good idea, I'm cold too!",中に入ろう、外寒すぎる。,いいね、私も寒い！,Kevin,Ivy,1,Kevin,Ivy,___________,"Good idea, I'm cold too!","Let's go inside, it's freezing out here.","Let's|go|inside,|it's|freezing|out|here.",e0179-a.mp3,e0179-b.mp3,1,Kevin.png,user,left,right
e0180,va0101,inside,There's a small toy inside this box.,,この箱の中に小さいおもちゃが入ってるよ。,,Ivy,,1,Ivy,,___________,,There's a small toy inside this box.,There's|a|small|toy|inside|this|box.,e0180-a.mp3,,1,user,,right,none
e0181,va0102,forget,Don't forget your homework tomorrow.,"I won't, I promise!",明日宿題忘れないでね。,忘れないよ、約束する！,Matthew,Ivy,1,Matthew,Ivy,___________,"I won't, I promise!",Don't forget your homework tomorrow.,Don't|forget|your|homework|tomorrow.,e0181-a.mp3,e0181-b.mp3,1,Matthew.png,user,left,right
e0182,va0102,forget,I always forget where I put my glasses.,,眼鏡をどこに置いたかいつも忘れちゃうんだ。,,Ivy,,1,Ivy,,___________,,I always forget where I put my glasses.,I|always|forget|where|I|put|my|glasses.,e0182-a.mp3,,1,user,,right,none
e0183,va0103,garden,We planted tomatoes in the garden.,That sounds fun!,庭にトマトを植えたんだ。,楽しそうだね！,Ivy,Matthew,1,Ivy,Matthew,___________,That sounds fun!,We planted tomatoes in the garden.,We|planted|tomatoes|in|the|garden.,e0183-a.mp3,e0183-b.mp3,1,user,Matthew.png,right,left
e0184,va0103,garden,The garden looks beautiful in spring.,,庭は春になるととてもきれいだよ。,,Ivy,,1,Ivy,,___________,,The garden looks beautiful in spring.,The|garden|looks|beautiful|in|spring.,e0184-a.mp3,,1,user,,right,none
e0185,va0104,quick,Can you make a quick sandwich for me?,"Sure, give me two minutes.",さっとサンドイッチ作ってくれる？,うん、2分ちょうだい。,Ivy,Matthew,1,Ivy,Matthew,___________,"Sure, give me two minutes.",Can you make a quick sandwich for me?,Can|you|make|a|quick|sandwich|for|me?,e0185-a.mp3,e0185-b.mp3,1,user,Matthew.png,right,left
e0186,va0104,quick,That was a quick trip to the store!,,お店に行くの、あっという間だったね！,,Ivy,,1,Ivy,,___________,,That was a quick trip to the store!,That|was|a|quick|trip|to|the|store!,e0186-a.mp3,,1,user,,right,none
e0187,va0105,fat,This cat looks so fat and fluffy!,"Haha, she loves eating.",この猫、すごく太ってふわふわだね！,はは、食べるの大好きなんだよ。,Kevin,Ivy,1,Kevin,Ivy,___________,"Haha, she loves eating.",This cat looks so fat and fluffy!,This|cat|looks|so|fat|and|fluffy!,e0187-a.mp3,e0187-b.mp3,1,Kevin.png,user,left,right
e0188,va0105,fat,Fat is stored in the body for energy.,,脂肪はエネルギーとして体に蓄えられるんだ。,,Ruth,,1,Ruth,,___________,,Fat is stored in the body for energy.,Fat|is|stored|in|the|body|for|energy.,e0188-a.mp3,,1,05.png,,left,none
e0189,va0106,travel,I want to travel around the world someday.,,いつか世界中を旅してみたいな。,,Ivy,,1,Ivy,,___________,,I want to travel around the world someday.,I|want|to|travel|around|the|world|someday.,e0189-a.mp3,,1,user,,right,none
e0190,va0106,travel,We travel to my grandma's house every summer.,,毎年夏、おばあちゃんの家に行くんだ。,,Ivy,,1,Ivy,,___________,,We travel to my grandma's house every summer.,We|travel|to|my|grandma's|house|every|summer.,e0190-a.mp3,,1,user,,right,none
e0191,va0107,hate,I hate getting up early on Mondays.,"Same here, ugh.",月曜の早起き、大嫌い。,私も、うわあ。,Ivy,Kevin,1,Ivy,Kevin,___________,"Same here, ugh.",I hate getting up early on Mondays.,I|hate|getting|up|early|on|Mondays.,e0191-a.mp3,e0191-b.mp3,1,user,Kevin.png,right,left
e0192,va0107,hate,She doesn't hate broccoli anymore.,,彼女はもうブロッコリーが嫌いじゃなくなったんだ。,,Ivy,,1,Ivy,,___________,,She doesn't hate broccoli anymore.,She|doesn't|hate|broccoli|anymore.,e0192-a.mp3,,1,user,,right,none
e0193,va0108,person,She's a really kind person.,"I agree, she always helps everyone.",彼女は本当に優しい人だよね。,そう思う、いつもみんなを助けてるもんね。,Kevin,Ivy,1,Kevin,Ivy,___________,"I agree, she always helps everyone.",She's a really kind person.,She's|a|really|kind|person.,e0193-a.mp3,e0193-b.mp3,1,Kevin.png,user,left,right
e0194,va0108,person,Who's the person standing by the door?,,ドアのそばに立ってる人は誰？,,Ivy,,1,Ivy,,___________,,Who's the person standing by the door?,Who's|the|person|standing|by|the|door?,e0194-a.mp3,,1,user,,right,none
e0195,va0109,news,Did you hear the news about the school trip?,"No, what happened?",修学旅行のニュース聞いた？,ううん、何かあったの？,Ivy,Matthew,1,Ivy,Matthew,___________,"No, what happened?",Did you hear the news about the school trip?,Did|you|hear|the|news|about|the|school|trip?,e0195-a.mp3,e0195-b.mp3,1,user,Matthew.png,right,left
e0196,va0109,news,I watch the news with my dad every night.,,毎晩お父さんとニュースを見てるんだ。,,Ivy,,1,Ivy,,___________,,I watch the news with my dad every night.,I|watch|the|news|with|my|dad|every|night.,e0196-a.mp3,,1,user,,right,none
e0197,va0110,care,"Take care of yourself, okay?","I will, thanks!",体に気をつけてね。,うん、ありがとう！,Matthew,Ivy,1,Matthew,Ivy,___________,"I will, thanks!","Take care of yourself, okay?","Take|care|of|yourself,|okay?",e0197-a.mp3,e0197-b.mp3,1,Matthew.png,user,left,right
e0198,va0110,care,I don't really care what people think.,,人がどう思おうと、あまり気にしないんだ。,,Ivy,,1,Ivy,,___________,,I don't really care what people think.,I|don't|really|care|what|people|think.,e0198-a.mp3,,1,user,,right,none
e0199,va0111,at last,"At last, we finished the puzzle!",That took forever!,やっとパズル終わった！,すごく時間かかったね！,Kevin,Ivy,1,Kevin,Ivy,___________,That took forever!,"At last, we finished the puzzle!","At|last,|we|finished|the|puzzle!",e0199-a.mp3,e0199-b.mp3,1,Kevin.png,user,left,right
e0200,va0111,at last,"At last, the rain stopped.",,ついに雨が止んだよ。,,Ivy,,1,Ivy,,___________,,"At last, the rain stopped.","At|last,|the|rain|stopped.",e0200-a.mp3,,1,user,,right,none
e0201,va0031,hear,Did you hear that noise?,"Yeah, what was it?",今の音聞こえた？,うん、何だったんだろう？,Kevin,Ivy,1,Kevin,Ivy,___________,"Yeah, what was it?",Did you hear that noise?,Did|you|hear|that|noise?,e0201-a.mp3,e0201-b.mp3,1,Kevin.png,user,left,right
e0202,va0031,hear,"I can't hear you, can you speak louder?",,聞こえないよ、もっと大きい声で話してくれる？,,Ivy,,1,Ivy,,___________,,"I can't hear you, can you speak louder?","I|can't|hear|you,|can|you|speak|louder?",e0202-a.mp3,,1,user,,right,none
e0203,va0032,home,Are you going home now?,"Yeah, my mom's waiting.",もう家に帰るの？,うん、お母さんが待ってるんだ。,Matthew,Ivy,1,Matthew,Ivy,___________,"Yeah, my mom's waiting.",Are you going home now?,Are|you|going|home|now?,e0203-a.mp3,e0203-b.mp3,1,Matthew.png,user,left,right
e0204,va0032,home,This place feels like home to me.,,この場所、なんだか家みたいに感じるんだ。,,Ivy,,1,Ivy,,___________,,This place feels like home to me.,This|place|feels|like|home|to|me.,e0204-a.mp3,,1,user,,right,none
e0205,va0033,first,Who was first in line?,I was!,列で一番だったのは誰？,私だよ！,Kevin,Ivy,1,Kevin,Ivy,___________,I was!,Who was first in line?,Who|was|first|in|line?,e0205-a.mp3,e0205-b.mp3,1,Kevin.png,user,left,right
e0206,va0033,first,"First, wash your hands before dinner.",,まず、夕飯の前に手を洗ってね。,,Matthew,,1,Matthew,,___________,,"First, wash your hands before dinner.","First,|wash|your|hands|before|dinner.",e0206-a.mp3,,1,Matthew.png,,left,none
e0207,va0034,because,Why are you smiling?,Because today is my birthday!,なんで笑ってるの？,だって今日誕生日だから！,Kevin,Ivy,2,Kevin,Ivy,Why are you smiling?,___________,Because today is my birthday!,Because|today|is|my|birthday!,e0207-a.mp3,e0207-b.mp3,1,Kevin.png,user,left,right
e0208,va0034,because,I stayed inside because it was raining.,,雨が降ってたから家の中にいたんだ。,,Ivy,,1,Ivy,,___________,,I stayed inside because it was raining.,I|stayed|inside|because|it|was|raining.,e0208-a.mp3,,1,user,,right,none
e0209,va0035,see,Can you see the mountains from here?,"Yeah, they're huge!",ここから山見える？,うん、すごく大きいね！,Ivy,Kevin,1,Ivy,Kevin,___________,"Yeah, they're huge!",Can you see the mountains from here?,Can|you|see|the|mountains|from|here?,e0209-a.mp3,e0209-b.mp3,1,user,Kevin.png,right,left
e0210,va0035,see,I'll see you tomorrow!,,また明日ね！,,Ivy,,1,Ivy,,___________,,I'll see you tomorrow!,I'll|see|you|tomorrow!,e0210-a.mp3,,1,user,,right,none
e0211,va0036,book,What book are you reading?,A story about dragons!,何の本読んでるの？,ドラゴンの話だよ！,Kevin,Ivy,1,Kevin,Ivy,___________,A story about dragons!,What book are you reading?,What|book|are|you|reading?,e0211-a.mp3,e0211-b.mp3,1,Kevin.png,user,left,right
e0212,va0036,book,Can you book a table for four?,,4人分の席を予約してくれる？,,Ivy,,1,Ivy,,___________,,Can you book a table for four?,Can|you|book|a|table|for|four?,e0212-a.mp3,,1,user,,right,none
e0213,va0037,come,Are you coming to my party?,"Of course, I wouldn't miss it!",私のパーティー来る？,もちろん、絶対行くよ！,Kevin,Ivy,1,Kevin,Ivy,___________,"Of course, I wouldn't miss it!",Are you coming to my party?,Are|you|coming|to|my|party?,e0213-a.mp3,e0213-b.mp3,1,Kevin.png,user,left,right
e0214,va0037,come,Winter always comes so fast.,,冬っていつも本当にあっという間に来るよね。,,Ivy,,1,Ivy,,___________,,Winter always comes so fast.,Winter|always|comes|so|fast.,e0214-a.mp3,,1,user,,right,none
e0215,va0038,tell,Can you tell me a secret?,"Okay, but don't tell anyone else!",秘密教えてくれる？,いいよ、でも誰にも言わないでね！,Ivy,Kevin,1,Ivy,Kevin,___________,"Okay, but don't tell anyone else!",Can you tell me a secret?,Can|you|tell|me|a|secret?,e0215-a.mp3,e0215-b.mp3,1,user,Kevin.png,right,left
e0216,va0038,tell,I can tell you're excited.,,君がワクワクしてるのわかるよ。,,Ivy,,1,Ivy,,___________,,I can tell you're excited.,I|can|tell|you're|excited.,e0216-a.mp3,,1,user,,right,none
e0217,va0039,put,Where should I put this box?,Just put it by the door.,この箱どこに置けばいい？,ドアのそばに置いておいて。,Ivy,Matthew,1,Ivy,Matthew,___________,Just put it by the door.,Where should I put this box?,Where|should|I|put|this|box?,e0217-a.mp3,e0217-b.mp3,1,user,Matthew.png,right,left
e0218,va0039,put,Put your toys away before bed.,,寝る前におもちゃを片付けてね。,,Matthew,,1,Matthew,,___________,,Put your toys away before bed.,Put|your|toys|away|before|bed.,e0218-a.mp3,,1,Matthew.png,,left,none
e0219,va0040,many,How many cookies do you want?,"Three, please!",クッキーいくつ欲しい？,3個お願い！,Matthew,Ivy,1,Matthew,Ivy,___________,"Three, please!",How many cookies do you want?,How|many|cookies|do|you|want?,e0219-a.mp3,e0219-b.mp3,1,Matthew.png,user,left,right
e0220,va0040,many,There are so many stars tonight.,,今夜は星がすごくたくさんあるね。,,Ivy,,1,Ivy,,___________,,There are so many stars tonight.,There|are|so|many|stars|tonight.,e0220-a.mp3,,1,user,,right,none
e0221,va0041,time,What time is it?,It's almost six!,今何時？,もうすぐ6時だよ！,Kevin,Ivy,1,Kevin,Ivy,___________,It's almost six!,What time is it?,What|time|is|it?,e0221-a.mp3,e0221-b.mp3,1,Kevin.png,user,left,right
e0222,va0041,time,I don't have time for this right now.,,今はこれをやってる時間がないんだ。,,Ivy,,1,Ivy,,___________,,I don't have time for this right now.,I|don't|have|time|for|this|right|now.,e0222-a.mp3,,1,user,,right,none
e0223,va0112,throw,Can you throw the ball a bit harder?,"Okay, catch this!",もう少し強くボール投げてくれる？,わかった、これキャッチして！,Ivy,Kevin,1,Ivy,Kevin,___________,"Okay, catch this!",Can you throw the ball a bit harder?,Can|you|throw|the|ball|a|bit|harder?,e0223-a.mp3,e0223-b.mp3,1,user,Kevin.png,right,left
e0224,va0112,throw,I've never thrown a curveball before.,,カーブボールを投げたこと、今まで一度もないんだ。,,Ivy,,1,Ivy,,___________,,I've never thrown a curveball before.,I've|never|thrown|a|curveball|before.,e0224-a.mp3,,1,user,,right,none
e0225,va0113,store,Is there a convenience store near the station?,"Yeah, just two minutes away.",駅の近くにコンビニある？,うん、歩いて2分くらいだよ。,Ivy,Matthew,1,Ivy,Matthew,___________,"Yeah, just two minutes away.",Is there a convenience store near the station?,Is|there|a|convenience|store|near|the|station?,e0225-a.mp3,e0225-b.mp3,1,user,Matthew.png,right,left
e0226,va0113,store,I store all my photos on my phone.,,写真は全部スマホに保存してるんだ。,,Ivy,,1,Ivy,,___________,,I store all my photos on my phone.,I|store|all|my|photos|on|my|phone.,e0226-a.mp3,,1,user,,right,none
e0227,va0114,grow,You've grown taller than me!,Really? Let's measure!,私より背が伸びたね！,本当？測ってみようよ！,Kevin,Ivy,1,Kevin,Ivy,___________,Really? Let's measure!,You've grown taller than me!,You've|grown|taller|than|me!,e0227-a.mp3,e0227-b.mp3,1,Kevin.png,user,left,right
e0228,va0114,grow,This plant has grown so much since last month.,,この植物、先月からすごく成長したよ。,,Ivy,,1,Ivy,,___________,,This plant has grown so much since last month.,This|plant|has|grown|so|much|since|last|month.,e0228-a.mp3,,1,user,,right,none
e0229,va0115,shape,What shape do you want your cake to be?,"A heart shape, please!",ケーキどんな形にしたい？,ハートの形がいいな！,Ivy,Matthew,1,Ivy,Matthew,___________,"A heart shape, please!",What shape do you want your cake to be?,What|shape|do|you|want|your|cake|to|be?,e0229-a.mp3,e0229-b.mp3,1,user,Matthew.png,right,left
e0230,va0115,shape,I've been trying to get in shape for the sports festival.,,体育祭に向けて体を鍛えようとしてるんだ。,,Ivy,,1,Ivy,,___________,,I've been trying to get in shape for the sports festival.,I've|been|trying|to|get|in|shape|for|the|sports|festival.,e0230-a.mp3,,1,user,,right,none
e0231,va0116,change,You've changed your hairstyle!,"Yeah, do you like it?",髪型変えたんだね！,うん、どう思う？,Kevin,Ivy,1,Kevin,Ivy,___________,"Yeah, do you like it?",You've changed your hairstyle!,You've|changed|your|hairstyle!,e0231-a.mp3,e0231-b.mp3,1,Kevin.png,user,left,right
e0232,va0116,change,"Let's change the plan, it's too rainy to walk.",,計画変更しよう、歩くには雨がひどすぎる。,,Ivy,,1,Ivy,,___________,,"Let's change the plan, it's too rainy to walk.","Let's|change|the|plan,|it's|too|rainy|to|walk.",e0232-a.mp3,,1,user,,right,none
e0233,va0117,take a bath,I'm going to take a bath before dinner.,,夕飯の前にお風呂に入るよ。,,Ivy,,1,Ivy,,___________,,I'm going to take a bath before dinner.,I'm|going|to|take|a|bath|before|dinner.,e0233-a.mp3,,1,user,,right,none
e0234,va0117,take a bath,Have you taken a bath yet? Dinner's almost ready.,,もうお風呂入った？もうすぐ夕飯できるよ。,,Matthew,,1,Matthew,,___________,,Have you taken a bath yet? Dinner's almost ready.,Have|you|taken|a|bath|yet?|Dinner's|almost|ready.,e0234-a.mp3,,1,Matthew.png,,left,none
e0235,va0118,all over,There's paint all over your shirt!,"Oh no, art class again.",シャツ中にペンキついてるよ！,うわ、また美術の授業か。,Kevin,Ivy,1,Kevin,Ivy,___________,"Oh no, art class again.",There's paint all over your shirt!,There's|paint|all|over|your|shirt!,e0235-a.mp3,e0235-b.mp3,1,Kevin.png,user,left,right
e0236,va0118,all over,News about the concert spread all over school.,,そのコンサートの話は学校中に広まったよ。,,Ivy,,1,Ivy,,___________,,News about the concert spread all over school.,News|about|the|concert|spread|all|over|school.,e0236-a.mp3,,1,user,,right,none
e0237,va0119,pick,Can you pick me up after practice?,"Sure, what time?",部活の後、迎えに来てくれる？,いいよ、何時？,Ivy,Kevin,1,Ivy,Kevin,___________,"Sure, what time?",Can you pick me up after practice?,Can|you|pick|me|up|after|practice?,e0237-a.mp3,e0237-b.mp3,1,user,Kevin.png,right,left
e0238,va0119,pick,I picked the hardest question on the test by accident.,,うっかりテストで一番難しい問題を選んじゃった。,,Ivy,,1,Ivy,,___________,,I picked the hardest question on the test by accident.,I|picked|the|hardest|question|on|the|test|by|accident.,e0238-a.mp3,,1,user,,right,none
e0239,va0120,spend,How much time do you spend on your phone?,"Probably too much, honestly.",スマホにどれくらい時間使ってる？,正直、使いすぎだと思う。,Kevin,Ivy,1,Kevin,Ivy,___________,"Probably too much, honestly.",How much time do you spend on your phone?,How|much|time|do|you|spend|on|your|phone?,e0239-a.mp3,e0239-b.mp3,1,Kevin.png,user,left,right
e0240,va0120,spend,I spent all my allowance on new sneakers.,,新しいスニーカーにお小遣い全部使っちゃった。,,Ivy,,1,Ivy,,___________,,I spent all my allowance on new sneakers.,I|spent|all|my|allowance|on|new|sneakers.,e0240-a.mp3,,1,user,,right,none
e0241,va0121,job,What job do you want in the future?,Maybe a game designer!,将来どんな仕事に就きたい？,ゲームデザイナーとかいいかな！,Ivy,Kevin,1,Ivy,Kevin,___________,Maybe a game designer!,What job do you want in the future?,What|job|do|you|want|in|the|future?,e0241-a.mp3,e0241-b.mp3,1,user,Kevin.png,right,left
e0242,va0121,job,Cleaning the classroom is my job this week.,,今週は教室の掃除が私の当番なんだ。,,Ivy,,1,Ivy,,___________,,Cleaning the classroom is my job this week.,Cleaning|the|classroom|is|my|job|this|week.,e0242-a.mp3,,1,user,,right,none
e0243,va0122,last,How long did the test last?,It felt like forever!,テストどれくらい続いたの？,永遠に感じたよ！,Ivy,Kevin,1,Ivy,Kevin,___________,It felt like forever!,How long did the test last?,How|long|did|the|test|last?,e0243-a.mp3,e0243-b.mp3,1,user,Kevin.png,right,left
e0244,va0122,last,This is the last chance to sign up for the trip.,,これが旅行の申し込み最後のチャンスだよ。,,Ivy,,1,Ivy,,___________,,This is the last chance to sign up for the trip.,This|is|the|last|chance|to|sign|up|for|the|trip.,e0244-a.mp3,,1,user,,right,none
e0245,va0123,push,"Don't push me, I almost fell!","Sorry, it wasn't on purpose!",押さないでよ、転びそうになった！,ごめん、わざとじゃないよ！,Kevin,Ivy,1,Kevin,Ivy,___________,"Sorry, it wasn't on purpose!","Don't push me, I almost fell!","Don't|push|me,|I|almost|fell!",e0245-a.mp3,e0245-b.mp3,1,Kevin.png,user,left,right
e0246,va0123,push,"You have to push the door, not pull it.",,そのドアは引くんじゃなくて押すんだよ。,,Ivy,,1,Ivy,,___________,,"You have to push the door, not pull it.","You|have|to|push|the|door,|not|pull|it.",e0246-a.mp3,,1,user,,right,none
e0247,va0124,building,Which building is the gym in?,The one next to the library.,体育館はどの建物にあるの？,図書館の隣の建物だよ。,Ivy,Kevin,1,Ivy,Kevin,___________,The one next to the library.,Which building is the gym in?,Which|building|is|the|gym|in?,e0247-a.mp3,e0247-b.mp3,1,user,Kevin.png,right,left
e0248,va0124,building,That's the tallest building I've ever seen.,,あれは今まで見た中で一番高い建物だよ。,,Ivy,,1,Ivy,,___________,,That's the tallest building I've ever seen.,That's|the|tallest|building|I've|ever|seen.,e0248-a.mp3,,1,user,,right,none
e0249,va0125,save,I'm trying to save money for a new game.,"Same, saving up for headphones.",新しいゲームのためにお金貯めようとしてるんだ。,私も、ヘッドホンのために貯金してる。,Ivy,Kevin,1,Ivy,Kevin,___________,"Same, saving up for headphones.",I'm trying to save money for a new game.,I'm|trying|to|save|money|for|a|new|game.,e0249-a.mp3,e0249-b.mp3,1,user,Kevin.png,right,left
e0250,va0125,save,Can you save my seat while I go to the bathroom?,,トイレ行ってる間、席取っておいてくれる？,,Ivy,,1,Ivy,,___________,,Can you save my seat while I go to the bathroom?,Can|you|save|my|seat|while|I|go|to|the|bathroom?,e0250-a.mp3,,1,user,,right,none
e0251,va0126,meal,What was your favorite meal on the trip?,The ramen we had on day two!,旅行で一番好きだった食事は？,2日目に食べたラーメン！,Ivy,Kevin,1,Ivy,Kevin,___________,The ramen we had on day two!,What was your favorite meal on the trip?,What|was|your|favorite|meal|on|the|trip?,e0251-a.mp3,e0251-b.mp3,1,user,Kevin.png,right,left
e0252,va0126,meal,Skipping meals isn't good for you.,,食事を抜くのは体に良くないよ。,,Ivy,,1,Ivy,,___________,,Skipping meals isn't good for you.,Skipping|meals|isn't|good|for|you.,e0252-a.mp3,,1,user,,right,none
e0253,va0127,mistake,I made a mistake on question three.,"Same here, it was so tricky!",3番の問題で間違えちゃった。,私も、あれすごく難しかったよね！,Ivy,Kevin,1,Ivy,Kevin,___________,"Same here, it was so tricky!",I made a mistake on question three.,I|made|a|mistake|on|question|three.,e0253-a.mp3,e0253-b.mp3,1,user,Kevin.png,right,left
e0254,va0127,mistake,"Everyone makes mistakes sometimes, don't worry about it.",,誰でも時には間違えるものだよ、気にしないで。,,Ivy,,1,Ivy,,___________,,"Everyone makes mistakes sometimes, don't worry about it.","Everyone|makes|mistakes|sometimes,|don't|worry|about|it.",e0254-a.mp3,,1,user,,right,none
e0255,va0128,careful,"Be careful, the floor's wet!",Thanks for the warning!,気をつけて、床濡れてるよ！,教えてくれてありがとう！,Matthew,Ivy,1,Matthew,Ivy,___________,Thanks for the warning!,"Be careful, the floor's wet!","Be|careful,|the|floor's|wet!",e0255-a.mp3,e0255-b.mp3,1,Matthew.png,user,left,right
e0256,va0128,careful,You should be more careful with your words.,,言葉にはもっと気をつけたほうがいいよ。,,Matthew,,1,Matthew,,___________,,You should be more careful with your words.,You|should|be|more|careful|with|your|words.,e0256-a.mp3,,1,Matthew.png,,left,none
e0257,va0129,meeting,We have a club meeting after school today.,"Oh right, I almost forgot!",今日、放課後に部活のミーティングあるよ。,あ、そうだった、忘れるところだった！,Ivy,Kevin,1,Ivy,Kevin,___________,"Oh right, I almost forgot!",We have a club meeting after school today.,We|have|a|club|meeting|after|school|today.,e0257-a.mp3,e0257-b.mp3,1,user,Kevin.png,right,left
e0258,va0129,meeting,The meeting lasted longer than usual.,,そのミーティングはいつもより長引いたよ。,,Ivy,,1,Ivy,,___________,,The meeting lasted longer than usual.,The|meeting|lasted|longer|than|usual.,e0258-a.mp3,,1,user,,right,none
e0259,va0130,wonderful,This trip has been wonderful so far.,"I know, I don't want it to end!",この旅行、今のところすごく素敵だね。,そうだね、終わってほしくないよ！,Ivy,Kevin,1,Ivy,Kevin,___________,"I know, I don't want it to end!",This trip has been wonderful so far.,This|trip|has|been|wonderful|so|far.,e0259-a.mp3,e0259-b.mp3,1,user,Kevin.png,right,left
e0260,va0130,wonderful,That was a wonderful performance.,,あれは素晴らしい演奏だったね。,,Ivy,,1,Ivy,,___________,,That was a wonderful performance.,That|was|a|wonderful|performance.,e0260-a.mp3,,1,user,,right,none
e0261,va0131,ready,Are you ready to go?,"Almost, just five more minutes!",もう行く準備できた？,もうちょっと、あと5分だけ！,Matthew,Ivy,1,Matthew,Ivy,___________,"Almost, just five more minutes!",Are you ready to go?,Are|you|ready|to|go?,e0261-a.mp3,e0261-b.mp3,1,Matthew.png,user,left,right
e0262,va0131,ready,I don't think I'm ready for the exam yet.,,まだ試験の準備ができてない気がするな。,,Ivy,,1,Ivy,,___________,,I don't think I'm ready for the exam yet.,I|don't|think|I'm|ready|for|the|exam|yet.,e0262-a.mp3,,1,user,,right,none
e0263,va0132,tasty,This soup is so tasty!,"My mom's recipe, I'll ask her to teach you.",このスープすごく美味しい！,うちのお母さんのレシピなんだ、今度教えてもらうよう頼んでみるね。,Ivy,Kevin,1,Ivy,Kevin,___________,"My mom's recipe, I'll ask her to teach you.",This soup is so tasty!,This|soup|is|so|tasty!,e0263-a.mp3,e0263-b.mp3,1,user,Kevin.png,right,left
e0264,va0132,tasty,"It doesn't look great, but it's actually really tasty.",,見た目はイマイチだけど、実はすごく美味しいんだよ。,,Ivy,,1,Ivy,,___________,,"It doesn't look great, but it's actually really tasty.","It|doesn't|look|great,|but|it's|actually|really|tasty.",e0264-a.mp3,,1,user,,right,none
e0265,va0133,burn,"Something's burning, is that the toast?","Oh no, I forgot about it!",何か焦げてる、トーストじゃない？,うわ、忘れてた！,Ivy,Matthew,1,Ivy,Matthew,___________,"Oh no, I forgot about it!","Something's burning, is that the toast?","Something's|burning,|is|that|the|toast?",e0265-a.mp3,e0265-b.mp3,1,user,Matthew.png,right,left
e0266,va0133,burn,I burned my tongue on the hot pizza.,,熱いピザで舌やけどしちゃった。,,Ivy,,1,Ivy,,___________,,I burned my tongue on the hot pizza.,I|burned|my|tongue|on|the|hot|pizza.,e0266-a.mp3,,1,user,,right,none
e0267,va0134,beginner,Is this class okay for beginners?,"Yeah, don't worry, everyone starts somewhere.",このクラス初心者でも大丈夫？,うん、大丈夫、みんな最初は初心者だから。,Ivy,Kevin,1,Ivy,Kevin,___________,"Yeah, don't worry, everyone starts somewhere.",Is this class okay for beginners?,Is|this|class|okay|for|beginners?,e0267-a.mp3,e0267-b.mp3,1,user,Kevin.png,right,left
e0268,va0134,beginner,"I'm just a beginner at guitar, so bear with me.",,ギターまだ初心者だから、大目に見てね。,,Ivy,,1,Ivy,,___________,,"I'm just a beginner at guitar, so bear with me.","I'm|just|a|beginner|at|guitar,|so|bear|with|me.",e0268-a.mp3,,1,user,,right,none
e0269,va0135,change,Do you have change for a thousand yen?,Let me check my wallet.,千円札の両替できる小銭ある？,財布確認してみるね。,Ivy,Matthew,1,Ivy,Matthew,___________,Let me check my wallet.,Do you have change for a thousand yen?,Do|you|have|change|for|a|thousand|yen?,e0269-a.mp3,e0269-b.mp3,1,user,Matthew.png,right,left
e0270,va0135,change,I've changed a lot since middle school started.,,中学校に入ってから、私すごく変わったと思う。,,Ivy,,1,Ivy,,___________,,I've changed a lot since middle school started.,I've|changed|a|lot|since|middle|school|started.,e0270-a.mp3,,1,user,,right,none
e0271,va0136,minute,"Wait a minute, I forgot my water bottle!","Okay, hurry up!",ちょっと待って、水筒忘れた！,わかった、急いで！,Ivy,Kevin,1,Ivy,Kevin,___________,"Okay, hurry up!","Wait a minute, I forgot my water bottle!","Wait|a|minute,|I|forgot|my|water|bottle!",e0271-a.mp3,e0271-b.mp3,1,user,Kevin.png,right,left
e0272,va0136,minute,It only takes a minute to walk there.,,そこまで歩いてほんの1分しかかからないよ。,,Ivy,,1,Ivy,,___________,,It only takes a minute to walk there.,It|only|takes|a|minute|to|walk|there.,e0272-a.mp3,,1,user,,right,none
e0273,va0137,chopsticks,Can you use chopsticks well?,"Kind of, I still drop stuff sometimes.",お箸上手に使える？,まあまあかな、たまに落としちゃうけど。,Ivy,Kevin,1,Ivy,Kevin,___________,"Kind of, I still drop stuff sometimes.",Can you use chopsticks well?,Can|you|use|chopsticks|well?,e0273-a.mp3,e0273-b.mp3,1,user,Kevin.png,right,left
e0274,va0137,chopsticks,I forgot to bring chopsticks for my bento.,,お弁当用のお箸持ってくるの忘れちゃった。,,Ivy,,1,Ivy,,___________,,I forgot to bring chopsticks for my bento.,I|forgot|to|bring|chopsticks|for|my|bento.,e0274-a.mp3,,1,user,,right,none
e0275,va0138,date,What's today's date?,It's the fifteenth!,今日って何日だっけ？,15日だよ！,Kevin,Ivy,1,Kevin,Ivy,___________,It's the fifteenth!,What's today's date?,What's|today's|date?,e0275-a.mp3,e0275-b.mp3,1,Kevin.png,user,left,right
e0276,va0138,date,Have you set a date for the school festival yet?,,学園祭の日程、もう決まった？,,Ivy,,1,Ivy,,___________,,Have you set a date for the school festival yet?,Have|you|set|a|date|for|the|school|festival|yet?,e0276-a.mp3,,1,user,,right,none
e0277,va0139,fishing,Do you want to go fishing this weekend?,"Sure, sounds relaxing!",今週末釣りに行かない？,いいね、リラックスできそう！,Ivy,Kevin,1,Ivy,Kevin,___________,"Sure, sounds relaxing!",Do you want to go fishing this weekend?,Do|you|want|to|go|fishing|this|weekend?,e0277-a.mp3,e0277-b.mp3,1,user,Kevin.png,right,left
e0278,va0139,fishing,"We didn't catch anything, but fishing was still fun.",,何も釣れなかったけど、釣りは楽しかったよ。,,Ivy,,1,Ivy,,___________,,"We didn't catch anything, but fishing was still fun.","We|didn't|catch|anything,|but|fishing|was|still|fun.",e0278-a.mp3,,1,user,,right,none
e0279,va0140,keep,Can I keep this pen?,"Sure, I have plenty!",このペンもらってもいい？,もちろん、たくさんあるから！,Ivy,Matthew,1,Ivy,Matthew,___________,"Sure, I have plenty!",Can I keep this pen?,Can|I|keep|this|pen?,e0279-a.mp3,e0279-b.mp3,1,user,Matthew.png,right,left
e0280,va0140,keep,I'll keep practicing until I get it right.,,できるようになるまで練習し続けるよ。,,Ivy,,1,Ivy,,___________,,I'll keep practicing until I get it right.,I'll|keep|practicing|until|I|get|it|right.,e0280-a.mp3,,1,user,,right,none
e0281,va0141,even,"It's so quiet, I can even hear the clock ticking.",,すごく静かで、時計の音まで聞こえるよ。,,Ivy,,1,Ivy,,___________,,"It's so quiet, I can even hear the clock ticking.","It's|so|quiet,|I|can|even|hear|the|clock|ticking.",e0281-a.mp3,,1,user,,right,none
e0282,va0141,even,Even my little brother can solve this puzzle.,,私の弟でさえこのパズル解けるんだ。,,Ivy,,1,Ivy,,___________,,Even my little brother can solve this puzzle.,Even|my|little|brother|can|solve|this|puzzle.,e0282-a.mp3,,1,user,,right,none
e0283,va0142,useful,This app is really useful for studying English.,"Oh, I should try it too!",このアプリ、英語の勉強にすごく役立つよ。,へえ、私も使ってみようかな！,Ivy,Kevin,1,Ivy,Kevin,___________,"Oh, I should try it too!",This app is really useful for studying English.,This|app|is|really|useful|for|studying|English.,e0283-a.mp3,e0283-b.mp3,1,user,Kevin.png,right,left
e0284,va0142,useful,That advice was more useful than I expected.,,そのアドバイス、思ってたより役に立ったよ。,,Ivy,,1,Ivy,,___________,,That advice was more useful than I expected.,That|advice|was|more|useful|than|I|expected.,e0284-a.mp3,,1,user,,right,none
e0285,va0143,piece,Can I have a piece of your cake?,"Sure, here you go!",ケーキひとかけらもらえる？,うん、はいどうぞ！,Ivy,Matthew,1,Ivy,Matthew,___________,"Sure, here you go!",Can I have a piece of your cake?,Can|I|have|a|piece|of|your|cake?,e0285-a.mp3,e0285-b.mp3,1,user,Matthew.png,right,left
e0286,va0143,piece,This puzzle is missing a piece somewhere.,,このパズル、どこかピースが一個足りないんだ。,,Ivy,,1,Ivy,,___________,,This puzzle is missing a piece somewhere.,This|puzzle|is|missing|a|piece|somewhere.,e0286-a.mp3,,1,user,,right,none
e0287,va0144,glasses,Have you seen my glasses?,They're on your head!,私の眼鏡見なかった？,頭の上にあるよ！,Ivy,Matthew,1,Ivy,Matthew,___________,They're on your head!,Have you seen my glasses?,Have|you|seen|my|glasses?,e0287-a.mp3,e0287-b.mp3,1,user,Matthew.png,right,left
e0288,va0144,glasses,"I need new glasses, mine are always foggy.",,新しい眼鏡が必要だな、今のはいつも曇るんだ。,,Ivy,,1,Ivy,,___________,,"I need new glasses, mine are always foggy.","I|need|new|glasses,|mine|are|always|foggy.",e0288-a.mp3,,1,user,,right,none
e0289,va0145,smart,"You're so smart, how did you solve that so fast?","I just guessed, honestly!",すごく頭いいね、どうやってそんな早く解いたの？,正直、ただ当てずっぽうだったんだ！,Kevin,Ivy,1,Kevin,Ivy,___________,"I just guessed, honestly!","You're so smart, how did you solve that so fast?","You're|so|smart,|how|did|you|solve|that|so|fast?",e0289-a.mp3,e0289-b.mp3,1,Kevin.png,user,left,right
e0290,va0145,smart,It would be smarter to leave earlier tomorrow.,,明日はもっと早く出発したほうが賢いと思うよ。,,Ivy,,1,Ivy,,___________,,It would be smarter to leave earlier tomorrow.,It|would|be|smarter|to|leave|earlier|tomorrow.,e0290-a.mp3,,1,user,,right,none
e0291,va0146,break,"Let's take a break, I'm exhausted.","Yeah, good idea.",休憩しよう、もうへとへとだよ。,うん、いいアイデアだね。,Ivy,Kevin,1,Ivy,Kevin,___________,"Yeah, good idea.","Let's take a break, I'm exhausted.","Let's|take|a|break,|I'm|exhausted.",e0291-a.mp3,e0291-b.mp3,1,user,Kevin.png,right,left
e0292,va0146,break,I accidentally broke my phone screen yesterday.,,昨日うっかりスマホの画面割っちゃったんだ。,,Ivy,,1,Ivy,,___________,,I accidentally broke my phone screen yesterday.,I|accidentally|broke|my|phone|screen|yesterday.,e0292-a.mp3,,1,user,,right,none
e0293,va0147,usually,What do you usually do after school?,I usually go straight home and nap.,放課後は普段何してるの？,たいていまっすぐ家に帰って昼寝してるよ。,Kevin,Ivy,1,Kevin,Ivy,___________,I usually go straight home and nap.,What do you usually do after school?,What|do|you|usually|do|after|school?,e0293-a.mp3,e0293-b.mp3,1,Kevin.png,user,left,right
e0294,va0147,usually,It's not usually this cold in October.,,10月にこんなに寒いのは普段珍しいんだけどな。,,Ivy,,1,Ivy,,___________,,It's not usually this cold in October.,It's|not|usually|this|cold|in|October.,e0294-a.mp3,,1,user,,right,none
e0295,va0148,only,How much time do we have left?,Only ten minutes!,あとどれくらい時間ある？,たった10分だよ！,Kevin,Ivy,2,Kevin,Ivy,How much time do we have left?,___________,Only ten minutes!,Only|ten|minutes!,e0295-a.mp3,e0295-b.mp3,1,Kevin.png,user,left,right
e0296,va0148,only,"I only ate half my lunch, I wasn't hungry.",,お昼、半分しか食べなかった、お腹すいてなかったんだ。,,Ivy,,1,Ivy,,___________,,"I only ate half my lunch, I wasn't hungry.","I|only|ate|half|my|lunch,|I|wasn't|hungry.",e0296-a.mp3,,1,user,,right,none
e0297,va0149,fail,I'm scared I'll fail the math test.,"You'll be fine, you studied so hard!",数学のテスト落ちるんじゃないかって不安なんだ。,大丈夫だよ、あんなに頑張って勉強したじゃん！,Ivy,Kevin,1,Ivy,Kevin,___________,"You'll be fine, you studied so hard!",I'm scared I'll fail the math test.,I'm|scared|I'll|fail|the|math|test.,e0297-a.mp3,e0297-b.mp3,1,user,Kevin.png,right,left
e0298,va0149,fail,"Even if you fail once, you can always try again.",,一度失敗しても、また挑戦すればいいんだよ。,,Ivy,,1,Ivy,,___________,,"Even if you fail once, you can always try again.","Even|if|you|fail|once,|you|can|always|try|again.",e0298-a.mp3,,1,user,,right,none
e0299,va0150,count,Can you count how many people are here?,"Sure, let me check.",ここに何人いるか数えてくれる？,うん、確認するね。,Ivy,Matthew,1,Ivy,Matthew,___________,"Sure, let me check.",Can you count how many people are here?,Can|you|count|how|many|people|are|here?,e0299-a.mp3,e0299-b.mp3,1,user,Matthew.png,right,left
e0300,va0150,count,"That doesn't count, you started before I said go!",,それは無効だよ、「よーい」って言う前にスタートしたじゃん！,,Kevin,,1,Kevin,,___________,,"That doesn't count, you started before I said go!","That|doesn't|count,|you|started|before|I|said|go!",e0300-a.mp3,,1,Kevin.png,,left,none
e0301,va0151,dark,"It's getting dark, we should head home.","Yeah, let's go.",暗くなってきたね、そろそろ家に帰ろう。,うん、行こう。,Matthew,Ivy,1,Matthew,Ivy,___________,"Yeah, let's go.","It's getting dark, we should head home.","It's|getting|dark,|we|should|head|home.",e0301-a.mp3,e0301-b.mp3,1,Matthew.png,user,left,right
e0302,va0151,dark,"I'm scared of the dark, can you leave the light on?",,暗いの怖いから、電気つけたままにしてくれる？,,Ivy,,1,Ivy,,___________,,"I'm scared of the dark, can you leave the light on?","I'm|scared|of|the|dark,|can|you|leave|the|light|on?",e0302-a.mp3,,1,user,,right,none
e0303,va0152,vacation,What are you doing for summer vacation?,Going to my cousin's place in Osaka!,夏休み何するの？,大阪のいとこのところに行くんだ！,Kevin,Ivy,1,Kevin,Ivy,___________,Going to my cousin's place in Osaka!,What are you doing for summer vacation?,What|are|you|doing|for|summer|vacation?,e0303-a.mp3,e0303-b.mp3,1,Kevin.png,user,left,right
e0304,va0152,vacation,I can't wait until vacation starts.,,休みが始まるのが待ちきれないよ。,,Ivy,,1,Ivy,,___________,,I can't wait until vacation starts.,I|can't|wait|until|vacation|starts.,e0304-a.mp3,,1,user,,right,none
e0305,va0153,should,Should I bring an umbrella today?,"Yeah, it might rain later.",今日傘持って行ったほうがいい？,うん、後で雨降るかもしれないよ。,Ivy,Matthew,1,Ivy,Matthew,___________,"Yeah, it might rain later.",Should I bring an umbrella today?,Should|I|bring|an|umbrella|today?,e0305-a.mp3,e0305-b.mp3,1,user,Matthew.png,right,left
e0306,va0153,should,You shouldn't stay up so late before a test.,,テストの前はそんなに夜更かししないほうがいいよ。,,Matthew,,1,Matthew,,___________,,You shouldn't stay up so late before a test.,You|shouldn't|stay|up|so|late|before|a|test.,e0306-a.mp3,,1,Matthew.png,,left,none
e0307,va0154,paint,Can you help me paint this poster?,"Sure, what colors do we need?",このポスター塗るの手伝ってくれる？,うん、どんな色が必要？,Ivy,Matthew,1,Ivy,Matthew,___________,"Sure, what colors do we need?",Can you help me paint this poster?,Can|you|help|me|paint|this|poster?,e0307-a.mp3,e0307-b.mp3,1,user,Matthew.png,right,left
e0308,va0154,paint,"The walls were just painted, so don't touch them.",,壁は塗ったばかりだから触らないでね。,,Matthew,,1,Matthew,,___________,,"The walls were just painted, so don't touch them.","The|walls|were|just|painted,|so|don't|touch|them.",e0308-a.mp3,,1,Matthew.png,,left,none
e0309,va0155,get mad,"Don't get mad, it was an accident!","I'm not mad, just surprised.",怒らないで、事故だったんだよ！,怒ってないよ、ただびっくりしただけ。,Kevin,Ivy,1,Kevin,Ivy,___________,"I'm not mad, just surprised.","Don't get mad, it was an accident!","Don't|get|mad,|it|was|an|accident!",e0309-a.mp3,e0309-b.mp3,1,Kevin.png,user,left,right
e0310,va0155,get mad,My mom got mad when I forgot to text her.,,連絡するの忘れたら、お母さんが怒っちゃった。,,Ivy,,1,Ivy,,___________,,My mom got mad when I forgot to text her.,My|mom|got|mad|when|I|forgot|to|text|her.,e0310-a.mp3,,1,user,,right,none
e0311,va0156,understand,Do you understand this math problem?,"Not really, can you explain it again?",この数学の問題わかる？,あんまり、もう一回説明してくれる？,Ivy,Ruth,1,Ivy,Ruth,___________,"Not really, can you explain it again?",Do you understand this math problem?,Do|you|understand|this|math|problem?,e0311-a.mp3,e0311-b.mp3,1,user,05.png,right,left
e0312,va0156,understand,I finally understood what the teacher meant.,,先生が何を言いたかったのか、やっとわかったよ。,,Ivy,,1,Ivy,,___________,,I finally understood what the teacher meant.,I|finally|understood|what|the|teacher|meant.,e0312-a.mp3,,1,user,,right,none
e0313,va0157,ring,Your phone is ringing!,"Oh, that's my mom calling.",スマホ鳴ってるよ！,あ、お母さんからの電話だ。,Kevin,Ivy,1,Kevin,Ivy,___________,"Oh, that's my mom calling.",Your phone is ringing!,Your|phone|is|ringing!,e0313-a.mp3,e0313-b.mp3,1,Kevin.png,user,left,right
e0314,va0157,ring,The bell rang before I finished writing my name.,,名前を書き終わる前にチャイムが鳴っちゃった。,,Ivy,,1,Ivy,,___________,,The bell rang before I finished writing my name.,The|bell|rang|before|I|finished|writing|my|name.,e0314-a.mp3,,1,user,,right,none
e0315,va0158,bill,Can we split the bill?,"Sure, that works for me.",会計割り勘にしない？,うん、それでいいよ。,Ivy,Kevin,1,Ivy,Kevin,___________,"Sure, that works for me.",Can we split the bill?,Can|we|split|the|bill?,e0315-a.mp3,e0315-b.mp3,1,user,Kevin.png,right,left
e0316,va0158,bill,The electricity bill was higher than usual this month.,,今月の電気代、いつもより高かったんだ。,,Matthew,,1,Matthew,,___________,,The electricity bill was higher than usual this month.,The|electricity|bill|was|higher|than|usual|this|month.,e0316-a.mp3,,1,Matthew.png,,left,none
e0317,va0159,learn to do,I want to learn to swim this summer.,"Me too, let's take lessons together!",今年の夏は泳げるようになりたいな。,私も、一緒にレッスン受けようよ！,Ivy,Kevin,1,Ivy,Kevin,___________,"Me too, let's take lessons together!",I want to learn to swim this summer.,I|want|to|learn|to|swim|this|summer.,e0317-a.mp3,e0317-b.mp3,1,user,Kevin.png,right,left
e0318,va0159,learn to do,It took me forever to learn to ride a bike.,,自転車に乗れるようになるまですごく時間かかったよ。,,Ivy,,1,Ivy,,___________,,It took me forever to learn to ride a bike.,It|took|me|forever|to|learn|to|ride|a|bike.,e0318-a.mp3,,1,user,,right,none
e0319,va0160,funny,That video was so funny!,"I know, I couldn't stop laughing.",あの動画すごく面白かった！,だよね、笑いが止まらなかったよ。,Kevin,Ivy,1,Kevin,Ivy,___________,"I know, I couldn't stop laughing.",That video was so funny!,That|video|was|so|funny!,e0319-a.mp3,e0319-b.mp3,1,Kevin.png,user,left,right
e0320,va0160,funny,It's funny how we both wore the same shoes today.,,今日二人とも同じ靴履いてて面白いね。,,Ivy,,1,Ivy,,___________,,It's funny how we both wore the same shoes today.,It's|funny|how|we|both|wore|the|same|shoes|today.,e0320-a.mp3,,1,user,,right,none
e0321,va0161,married,Are your parents still married?,"Yeah, they've been married for twenty years!",君の両親って結婚してるの？,うん、結婚してもう20年だよ！,Kevin,Ivy,1,Kevin,Ivy,___________,"Yeah, they've been married for twenty years!",Are your parents still married?,Are|your|parents|still|married?,e0321-a.mp3,e0321-b.mp3,1,Kevin.png,user,left,right
e0322,va0161,married,My aunt is getting married next spring.,,私のおばさん、来年の春結婚するんだ。,,Ivy,,1,Ivy,,___________,,My aunt is getting married next spring.,My|aunt|is|getting|married|next|spring.,e0322-a.mp3,,1,user,,right,none
e0323,va0162,brush,Did you brush your teeth?,"Yeah, just finished!",歯磨いた？,うん、今終わったところ！,Matthew,Ivy,1,Matthew,Ivy,___________,"Yeah, just finished!",Did you brush your teeth?,Did|you|brush|your|teeth?,e0323-a.mp3,e0323-b.mp3,1,Matthew.png,user,left,right
e0324,va0162,brush,"I forgot to brush my hair this morning, oops.",,今朝髪をとかすの忘れちゃった、やば。,,Ivy,,1,Ivy,,___________,,"I forgot to brush my hair this morning, oops.","I|forgot|to|brush|my|hair|this|morning,|oops.",e0324-a.mp3,,1,user,,right,none
e0325,va0163,sweater,"That's a cute sweater, where'd you get it?",My grandma knitted it for me!,そのセーター可愛いね、どこで買ったの？,おばあちゃんが編んでくれたんだ！,Kevin,Ivy,1,Kevin,Ivy,___________,My grandma knitted it for me!,"That's a cute sweater, where'd you get it?","That's|a|cute|sweater,|where'd|you|get|it?",e0325-a.mp3,e0325-b.mp3,1,Kevin.png,user,left,right
e0326,va0163,sweater,"It's cold today, so I'm wearing two sweaters.",,今日寒いから、セーターを2枚着てるんだ。,,Ivy,,1,Ivy,,___________,,"It's cold today, so I'm wearing two sweaters.","It's|cold|today,|so|I'm|wearing|two|sweaters.",e0326-a.mp3,,1,user,,right,none
e0327,va0164,reading,What are you reading?,"A mystery novel, it's really good!",何読んでるの？,推理小説だよ、すごく面白いんだ！,Kevin,Ivy,1,Kevin,Ivy,___________,"A mystery novel, it's really good!",What are you reading?,What|are|you|reading?,e0327-a.mp3,e0327-b.mp3,1,Kevin.png,user,left,right
e0328,va0164,reading,Reading before bed helps me fall asleep.,,寝る前に読書すると眠りやすくなるんだ。,,Ivy,,1,Ivy,,___________,,Reading before bed helps me fall asleep.,Reading|before|bed|helps|me|fall|asleep.,e0328-a.mp3,,1,user,,right,none
e0329,va0165,famous,That singer is getting really famous.,"I know, her songs are everywhere now.",あの歌手すごく有名になってきてるね。,だよね、彼女の曲どこでも流れてる。,Ivy,Kevin,1,Ivy,Kevin,___________,"I know, her songs are everywhere now.",That singer is getting really famous.,That|singer|is|getting|really|famous.,e0329-a.mp3,e0329-b.mp3,1,user,Kevin.png,right,left
e0330,va0165,famous,This restaurant is famous for its ramen.,,このお店はラーメンで有名なんだ。,,Ivy,,1,Ivy,,___________,,This restaurant is famous for its ramen.,This|restaurant|is|famous|for|its|ramen.,e0330-a.mp3,,1,user,,right,none
e0331,va0166,almost,Are we almost there?,"Almost, just five more minutes!",もうすぐ着く？,もうちょいだよ、あと5分！,Kevin,Ivy,1,Kevin,Ivy,___________,"Almost, just five more minutes!",Are we almost there?,Are|we|almost|there?,e0331-a.mp3,e0331-b.mp3,1,Kevin.png,user,left,right
e0332,va0166,almost,I almost forgot my gym clothes today.,,今日、体操服を忘れるところだったよ。,,Ivy,,1,Ivy,,___________,,I almost forgot my gym clothes today.,I|almost|forgot|my|gym|clothes|today.,e0332-a.mp3,,1,user,,right,none
e0333,va0167,set,Can you set the table for dinner?,"Sure, how many plates?",夕飯の食卓の準備してくれる？,うん、お皿何枚？,Matthew,Ivy,1,Matthew,Ivy,___________,"Sure, how many plates?",Can you set the table for dinner?,Can|you|set|the|table|for|dinner?,e0333-a.mp3,e0333-b.mp3,1,Matthew.png,user,left,right
e0334,va0167,set,"I set my alarm for six, but I still overslept.",,6時にアラームセットしたのに、寝坊しちゃった。,,Ivy,,1,Ivy,,___________,,"I set my alarm for six, but I still overslept.","I|set|my|alarm|for|six,|but|I|still|overslept.",e0334-a.mp3,,1,user,,right,none
e0335,va0168,dead,My phone battery is dead.,"Here, you can use my charger.",スマホの充電切れちゃった。,はい、私の充電器使っていいよ。,Ivy,Matthew,1,Ivy,Matthew,___________,"Here, you can use my charger.",My phone battery is dead.,My|phone|battery|is|dead.,e0335-a.mp3,e0335-b.mp3,1,user,Matthew.png,right,left
e0336,va0168,dead,"This plant looks dead, I forgot to water it.",,この植物枯れちゃったみたい、水やり忘れてた。,,Ivy,,1,Ivy,,___________,,"This plant looks dead, I forgot to water it.","This|plant|looks|dead,|I|forgot|to|water|it.",e0336-a.mp3,,1,user,,right,none
e0337,va0169,kind,That was so kind of you to help her.,"It was nothing, really!",彼女を助けてくれるなんて優しいね。,たいしたことじゃないよ、本当に！,Kevin,Ivy,1,Kevin,Ivy,___________,"It was nothing, really!",That was so kind of you to help her.,That|was|so|kind|of|you|to|help|her.,e0337-a.mp3,e0337-b.mp3,1,Kevin.png,user,left,right
e0338,va0169,kind,What kind of music do you listen to?,,どんな種類の音楽聴くの？,,Ivy,,1,Ivy,,___________,,What kind of music do you listen to?,What|kind|of|music|do|you|listen|to?,e0338-a.mp3,,1,user,,right,none
e0339,va0170,put ~ off,Let's not put off our homework again.,"You're right, let's start now.",また宿題を後回しにするのはやめよう。,そうだね、今始めよう。,Ivy,Kevin,1,Ivy,Kevin,___________,"You're right, let's start now.",Let's not put off our homework again.,Let's|not|put|off|our|homework|again.,e0339-a.mp3,e0339-b.mp3,1,user,Kevin.png,right,left
e0340,va0170,put ~ off,I keep putting off cleaning my room.,,部屋の掃除をずっと後回しにしちゃってるんだ。,,Ivy,,1,Ivy,,___________,,I keep putting off cleaning my room.,I|keep|putting|off|cleaning|my|room.,e0340-a.mp3,,1,user,,right,none
e0341,va0171,mix,Can you mix these two colors for me?,"Sure, what color are you going for?",この二つの色混ぜてくれる？,うん、何色を目指してるの？,Ivy,Kevin,1,Ivy,Kevin,___________,"Sure, what color are you going for?",Can you mix these two colors for me?,Can|you|mix|these|two|colors|for|me?,e0341-a.mp3,e0341-b.mp3,1,user,Kevin.png,right,left
e0342,va0171,mix,I accidentally mixed up their names.,,うっかり彼らの名前を混同しちゃったんだ。,,Ivy,,1,Ivy,,___________,,I accidentally mixed up their names.,I|accidentally|mixed|up|their|names.,e0342-a.mp3,,1,user,,right,none
e0343,va0172,give up,"Don't give up, you're almost done!","Okay, I'll try a bit more.",諦めないで、もうすぐ終わるよ！,わかった、もう少し頑張ってみる。,Kevin,Ivy,1,Kevin,Ivy,___________,"Okay, I'll try a bit more.","Don't give up, you're almost done!","Don't|give|up,|you're|almost|done!",e0343-a.mp3,e0343-b.mp3,1,Kevin.png,user,left,right
e0344,va0172,give up,"I almost gave up on the puzzle, but I finished it.",,そのパズル諦めそうになったけど、完成させたよ。,,Ivy,,1,Ivy,,___________,,"I almost gave up on the puzzle, but I finished it.","I|almost|gave|up|on|the|puzzle,|but|I|finished|it.",e0344-a.mp3,,1,user,,right,none
e0345,va0173,fire,Did you hear the fire alarm?,"Yeah, we have to go outside now.",火災報知器の音聞こえた？,うん、今すぐ外に出ないと。,Kevin,Ivy,1,Kevin,Ivy,___________,"Yeah, we have to go outside now.",Did you hear the fire alarm?,Did|you|hear|the|fire|alarm?,e0345-a.mp3,e0345-b.mp3,1,Kevin.png,user,left,right
e0346,va0173,fire,We sat around the fire and told scary stories.,,焚き火を囲んで怖い話をしたんだ。,,Ivy,,1,Ivy,,___________,,We sat around the fire and told scary stories.,We|sat|around|the|fire|and|told|scary|stories.,e0346-a.mp3,,1,user,,right,none
e0347,va0174,ground,"Watch out, there's ice on the ground!",Thanks for the warning!,気をつけて、地面に氷があるよ！,教えてくれてありがとう！,Matthew,Ivy,1,Matthew,Ivy,___________,Thanks for the warning!,"Watch out, there's ice on the ground!","Watch|out,|there's|ice|on|the|ground!",e0347-a.mp3,e0347-b.mp3,1,Matthew.png,user,left,right
e0348,va0174,ground,I dropped my ice cream on the ground.,,アイスを地面に落としちゃったんだ。,,Ivy,,1,Ivy,,___________,,I dropped my ice cream on the ground.,I|dropped|my|ice|cream|on|the|ground.,e0348-a.mp3,,1,user,,right,none
e0349,va0175,online,Are you online right now?,"Yeah, want to play a game?",今オンラインになってる？,うん、ゲームする？,Kevin,Ivy,1,Kevin,Ivy,___________,"Yeah, want to play a game?",Are you online right now?,Are|you|online|right|now?,e0349-a.mp3,e0349-b.mp3,1,Kevin.png,user,left,right
e0350,va0175,online,"I bought these shoes online, they were cheaper.",,この靴ネットで買ったんだ、安かったから。,,Ivy,,1,Ivy,,___________,,"I bought these shoes online, they were cheaper.","I|bought|these|shoes|online,|they|were|cheaper.",e0350-a.mp3,,1,user,,right,none
e0351,va0176,crazy,That roller coaster was crazy fast!,"I know, my legs are still shaking!",あのジェットコースター、めちゃくちゃ速かったね！,わかる、まだ足が震えてるよ！,Ivy,Kevin,1,Ivy,Kevin,___________,"I know, my legs are still shaking!",That roller coaster was crazy fast!,That|roller|coaster|was|crazy|fast!,e0351-a.mp3,e0351-b.mp3,1,user,Kevin.png,right,left
e0352,va0176,crazy,You'd be crazy to skip breakfast before the game.,,試合前に朝ごはん抜くなんて正気じゃないよ。,,Ivy,,1,Ivy,,___________,,You'd be crazy to skip breakfast before the game.,You'd|be|crazy|to|skip|breakfast|before|the|game.,e0352-a.mp3,,1,user,,right,none
e0353,va0177,sometimes,Do you ever miss your old school?,"Sometimes, especially my old friends.",前の学校恋しくなることある？,たまにね、特に昔の友達が。,Kevin,Ivy,2,Kevin,Ivy,Do you ever miss your old school?,___________,"Sometimes, especially my old friends.","Sometimes,|especially|my|old|friends.",e0353-a.mp3,e0353-b.mp3,1,Kevin.png,user,left,right
e0354,va0177,sometimes,Sometimes I forget my own locker number.,,たまに自分のロッカー番号忘れちゃうんだ。,,Ivy,,1,Ivy,,___________,,Sometimes I forget my own locker number.,Sometimes|I|forget|my|own|locker|number.,e0354-a.mp3,,1,user,,right,none
e0355,va0178,get off,Which stop do we get off at?,"The next one, I think!",どの駅で降りるの？,次の駅だと思う！,Kevin,Ivy,1,Kevin,Ivy,___________,"The next one, I think!",Which stop do we get off at?,Which|stop|do|we|get|off|at?,e0355-a.mp3,e0355-b.mp3,1,Kevin.png,user,left,right
e0356,va0178,get off,"I couldn't get off the couch, I was so tired.",,ソファから動けなかったんだ、すごく疲れてて。,,Ivy,,1,Ivy,,___________,,"I couldn't get off the couch, I was so tired.","I|couldn't|get|off|the|couch,|I|was|so|tired.",e0356-a.mp3,,1,user,,right,none
e0357,va0179,could,Could you pass me the salt?,"Sure, here you go.",塩取ってくれる？,うん、はいどうぞ。,Ivy,Matthew,1,Ivy,Matthew,___________,"Sure, here you go.",Could you pass me the salt?,Could|you|pass|me|the|salt?,e0357-a.mp3,e0357-b.mp3,1,user,Matthew.png,right,left
e0358,va0179,could,I wish I could stay up later on weekdays.,,平日にもっと夜更かしできたらいいのになあ。,,Ivy,,1,Ivy,,___________,,I wish I could stay up later on weekdays.,I|wish|I|could|stay|up|later|on|weekdays.,e0358-a.mp3,,1,user,,right,none
e0359,va0180,be good at,You're really good at basketball.,"Thanks, I practice a lot!",バスケすごく上手だね。,ありがとう、たくさん練習してるんだ！,Kevin,Ivy,1,Kevin,Ivy,___________,"Thanks, I practice a lot!",You're really good at basketball.,You're|really|good|at|basketball.,e0359-a.mp3,e0359-b.mp3,1,Kevin.png,user,left,right
e0360,va0180,be good at,I've never been good at remembering names.,,名前を覚えるの、今までずっと苦手なんだ。,,Ivy,,1,Ivy,,___________,,I've never been good at remembering names.,I've|never|been|good|at|remembering|names.,e0360-a.mp3,,1,user,,right,none
e0361,va0181,paper,Can I borrow a piece of paper?,"Sure, here you go.",紙一枚借りてもいい？,うん、はいどうぞ。,Ivy,Matthew,1,Ivy,Matthew,___________,"Sure, here you go.",Can I borrow a piece of paper?,Can|I|borrow|a|piece|of|paper?,e0361-a.mp3,e0361-b.mp3,1,user,Matthew.png,right,left
e0362,va0181,paper,I wrote my speech on paper first before typing it.,,スピーチはまず紙に書いてからタイプしたんだ。,,Ivy,,1,Ivy,,___________,,I wrote my speech on paper first before typing it.,I|wrote|my|speech|on|paper|first|before|typing|it.,e0362-a.mp3,,1,user,,right,none
e0363,va0182,favorite,What's your favorite subject?,"Probably art, honestly.",一番好きな科目は？,正直、美術かな。,Ivy,Kevin,1,Ivy,Kevin,___________,"Probably art, honestly.",What's your favorite subject?,What's|your|favorite|subject?,e0363-a.mp3,e0363-b.mp3,1,user,Kevin.png,right,left
e0364,va0182,favorite,This has become my favorite song lately.,,これ最近お気に入りの曲になったんだ。,,Ivy,,1,Ivy,,___________,,This has become my favorite song lately.,This|has|become|my|favorite|song|lately.,e0364-a.mp3,,1,user,,right,none
e0365,va0183,floor,"Don't sit on the floor, it's freezing!","Oh right, good point.",床に座らないで、すごく冷たいから！,あ、そうだね、確かに。,Matthew,Ivy,1,Matthew,Ivy,___________,"Oh right, good point.","Don't sit on the floor, it's freezing!","Don't|sit|on|the|floor,|it's|freezing!",e0365-a.mp3,e0365-b.mp3,1,Matthew.png,user,left,right
e0366,va0183,floor,Our classroom is on the third floor.,,私たちの教室は3階にあるよ。,,Ivy,,1,Ivy,,___________,,Our classroom is on the third floor.,Our|classroom|is|on|the|third|floor.,e0366-a.mp3,,1,user,,right,none
e0367,va0184,act,"Stop acting so nervous, you'll be fine!","I'm trying, I promise!",そんな緊張したふりやめなよ、大丈夫だから！,頑張ってるよ、約束する！,Kevin,Ivy,1,Kevin,Ivy,___________,"I'm trying, I promise!","Stop acting so nervous, you'll be fine!","Stop|acting|so|nervous,|you'll|be|fine!",e0367-a.mp3,e0367-b.mp3,1,Kevin.png,user,left,right
e0368,va0184,act,It's weird how he acts so different around teachers.,,先生の前だと様子が全然違うの、なんか変だよね。,,Ivy,,1,Ivy,,___________,,It's weird how he acts so different around teachers.,It's|weird|how|he|acts|so|different|around|teachers.,e0368-a.mp3,,1,user,,right,none
e0369,va0185,mind,Do you mind if I open the window?,"Not at all, go ahead.",窓開けてもいい？,全然いいよ、どうぞ。,Ivy,Matthew,1,Ivy,Matthew,___________,"Not at all, go ahead.",Do you mind if I open the window?,Do|you|mind|if|I|open|the|window?,e0369-a.mp3,e0369-b.mp3,1,user,Matthew.png,right,left
e0370,va0185,mind,I can't get that song out of my mind.,,あの曲が頭から離れないんだ。,,Ivy,,1,Ivy,,___________,,I can't get that song out of my mind.,I|can't|get|that|song|out|of|my|mind.,e0370-a.mp3,,1,user,,right,none
e0371,va0186,head,"I have a headache, my head really hurts.",Do you want some water?,頭痛がして、すごく頭が痛いんだ。,お水飲む？,Ivy,Matthew,1,Ivy,Matthew,___________,Do you want some water?,"I have a headache, my head really hurts.","I|have|a|headache,|my|head|really|hurts.",e0371-a.mp3,e0371-b.mp3,1,user,Matthew.png,right,left
e0372,va0186,head,"Use your head, that answer doesn't make sense.",,頭使いなよ、その答えはおかしいよ。,,Ivy,,1,Ivy,,___________,,"Use your head, that answer doesn't make sense.","Use|your|head,|that|answer|doesn't|make|sense.",e0372-a.mp3,,1,user,,right,none
e0373,va0187,at first,Did you like this show at first?,"Not really, but now I love it!",この番組最初から好きだった？,最初はそうでもなかったけど、今はすごく好き！,Kevin,Ivy,1,Kevin,Ivy,___________,"Not really, but now I love it!",Did you like this show at first?,Did|you|like|this|show|at|first?,e0373-a.mp3,e0373-b.mp3,1,Kevin.png,user,left,right
e0374,va0187,at first,"At first, I thought I'd hate camping, but it was fun.",,最初はキャンプ嫌いだと思ってたけど、楽しかったよ。,,Ivy,,1,Ivy,,___________,,"At first, I thought I'd hate camping, but it was fun.","At|first,|I|thought|I'd|hate|camping,|but|it|was|fun.",e0374-a.mp3,,1,user,,right,none
e0375,va0188,difficult,Was the science test difficult?,"Super difficult, honestly.",理科のテスト難しかった？,正直、超難しかった。,Kevin,Ivy,1,Kevin,Ivy,___________,"Super difficult, honestly.",Was the science test difficult?,Was|the|science|test|difficult?,e0375-a.mp3,e0375-b.mp3,1,Kevin.png,user,left,right
e0376,va0188,difficult,It's difficult to focus when it's this noisy.,,こんなにうるさいと集中するのが難しいよ。,,Ivy,,1,Ivy,,___________,,It's difficult to focus when it's this noisy.,It's|difficult|to|focus|when|it's|this|noisy.,e0376-a.mp3,,1,user,,right,none
e0377,va0189,price,What's the price of this jacket?,"It's on sale, so pretty cheap!",このジャケットの値段はいくら？,セール中だから結構安いよ！,Ivy,Matthew,1,Ivy,Matthew,___________,"It's on sale, so pretty cheap!",What's the price of this jacket?,What's|the|price|of|this|jacket?,e0377-a.mp3,e0377-b.mp3,1,user,Matthew.png,right,left
e0378,va0189,price,The price of snacks keeps going up lately.,,最近お菓子の値段が上がり続けてるね。,,Ivy,,1,Ivy,,___________,,The price of snacks keeps going up lately.,The|price|of|snacks|keeps|going|up|lately.,e0378-a.mp3,,1,user,,right,none
e0379,va0190,heart,My heart was racing during the game.,"Same, it was so intense!",試合中、心臓バクバクだったよ。,私も、すごく白熱してたもんね！,Ivy,Kevin,1,Ivy,Kevin,___________,"Same, it was so intense!",My heart was racing during the game.,My|heart|was|racing|during|the|game.,e0379-a.mp3,e0379-b.mp3,1,user,Kevin.png,right,left
e0380,va0190,heart,She has such a kind heart.,,彼女は本当に優しい心の持ち主だね。,,Ivy,,1,Ivy,,___________,,She has such a kind heart.,She|has|such|a|kind|heart.,e0380-a.mp3,,1,user,,right,none
e0381,va0191,let,Let me carry that for you.,"Thanks, that's really sweet.",それ私が持つよ。,ありがとう、優しいね。,Ivy,Kevin,1,Ivy,Kevin,___________,"Thanks, that's really sweet.",Let me carry that for you.,Let|me|carry|that|for|you.,e0381-a.mp3,e0381-b.mp3,1,user,Kevin.png,right,left
e0382,va0191,let,My parents finally let me get a phone.,,やっと親がスマホ持たせてくれたんだ。,,Ivy,,1,Ivy,,___________,,My parents finally let me get a phone.,My|parents|finally|let|me|get|a|phone.,e0382-a.mp3,,1,user,,right,none
e0383,va0192,enjoy,Are you enjoying the trip so far?,"Yeah, it's been amazing!",今のところ旅行楽しんでる？,うん、最高だよ！,Kevin,Ivy,1,Kevin,Ivy,___________,"Yeah, it's been amazing!",Are you enjoying the trip so far?,Are|you|enjoying|the|trip|so|far?,e0383-a.mp3,e0383-b.mp3,1,Kevin.png,user,left,right
e0384,va0192,enjoy,I've really enjoyed learning to cook this year.,,今年、料理を習うのを本当に楽しんでるんだ。,,Ivy,,1,Ivy,,___________,,I've really enjoyed learning to cook this year.,I've|really|enjoyed|learning|to|cook|this|year.,e0384-a.mp3,,1,user,,right,none
e0385,va0193,agree,I think we should walk instead of taking the bus.,"I agree, it's a nice day.",バスに乗るより歩いたほうがいいと思うな。,賛成、いい天気だしね。,Ivy,Kevin,2,Ivy,Kevin,I think we should walk instead of taking the bus.,___________,"I agree, it's a nice day.","I|agree,|it's|a|nice|day.",e0385-a.mp3,e0385-b.mp3,1,user,Kevin.png,right,left
e0386,va0193,agree,We couldn't agree on which movie to watch.,,どの映画を見るか、意見が合わなかったんだ。,,Ivy,,1,Ivy,,___________,,We couldn't agree on which movie to watch.,We|couldn't|agree|on|which|movie|to|watch.,e0386-a.mp3,,1,user,,right,none
e0387,va0194,hungry,Are you hungry? We could grab something to eat.,"Starving, actually!",お腹すいてる？何か食べに行こうか。,実はペコペコ！,Kevin,Ivy,1,Kevin,Ivy,___________,"Starving, actually!",Are you hungry? We could grab something to eat.,Are|you|hungry?|We|could|grab|something|to|eat.,e0387-a.mp3,e0387-b.mp3,1,Kevin.png,user,left,right
e0388,va0194,hungry,I get so hungry right before dinner.,,夕飯の直前っていつもすごくお腹すくんだ。,,Ivy,,1,Ivy,,___________,,I get so hungry right before dinner.,I|get|so|hungry|right|before|dinner.,e0388-a.mp3,,1,user,,right,none
e0389,va0195,put ~ together,Can you help me put this shelf together?,"Sure, where's the instructions?",この棚組み立てるの手伝ってくれる？,うん、説明書どこ？,Ivy,Kevin,1,Ivy,Kevin,___________,"Sure, where's the instructions?",Can you help me put this shelf together?,Can|you|help|me|put|this|shelf|together?,e0389-a.mp3,e0389-b.mp3,1,user,Kevin.png,right,left
e0390,va0195,put ~ together,It took us an hour to put the tent together.,,テントを組み立てるのに1時間かかったよ。,,Ivy,,1,Ivy,,___________,,It took us an hour to put the tent together.,It|took|us|an|hour|to|put|the|tent|together.,e0390-a.mp3,,1,user,,right,none
e0391,va0196,get dressed,"Hurry and get dressed, we're leaving soon!","Okay, give me two minutes!",早く着替えて、もうすぐ出発するよ！,わかった、2分ちょうだい！,Matthew,Ivy,1,Matthew,Ivy,___________,"Okay, give me two minutes!","Hurry and get dressed, we're leaving soon!","Hurry|and|get|dressed,|we're|leaving|soon!",e0391-a.mp3,e0391-b.mp3,1,Matthew.png,user,left,right
e0392,va0196,get dressed,I got dressed so fast I put my shirt on backward.,,急いで着替えたら、シャツを前後逆に着ちゃったよ。,,Ivy,,1,Ivy,,___________,,I got dressed so fast I put my shirt on backward.,I|got|dressed|so|fast|I|put|my|shirt|on|backward.,e0392-a.mp3,,1,user,,right,none
e0393,va0197,finish,Have you finished your homework yet?,"Almost, just one more question!",もう宿題終わった？,もうすぐ、あと1問だけ！,Kevin,Ivy,1,Kevin,Ivy,___________,"Almost, just one more question!",Have you finished your homework yet?,Have|you|finished|your|homework|yet?,e0393-a.mp3,e0393-b.mp3,1,Kevin.png,user,left,right
e0394,va0197,finish,I want to finish this book before the movie comes out.,,映画が公開される前にこの本を読み終えたいんだ。,,Ivy,,1,Ivy,,___________,,I want to finish this book before the movie comes out.,I|want|to|finish|this|book|before|the|movie|comes|out.,e0394-a.mp3,,1,user,,right,none
e0395,va0198,cleaning,I spent all morning cleaning my room.,That explains why it looks so nice now!,朝はずっと部屋の掃除してたんだ。,だから今こんなに綺麗なんだね！,Ivy,Matthew,1,Ivy,Matthew,___________,That explains why it looks so nice now!,I spent all morning cleaning my room.,I|spent|all|morning|cleaning|my|room.,e0395-a.mp3,e0395-b.mp3,1,user,Matthew.png,right,left
e0396,va0198,cleaning,Cleaning the fish tank is my least favorite chore.,,水槽の掃除は一番苦手な家事なんだ。,,Ivy,,1,Ivy,,___________,,Cleaning the fish tank is my least favorite chore.,Cleaning|the|fish|tank|is|my|least|favorite|chore.,e0396-a.mp3,,1,user,,right,none
e0397,va0199,behind,Why are you hiding behind the door?,"Shh, it's a surprise!",なんでドアの後ろに隠れてるの？,しー、サプライズなんだ！,Kevin,Ivy,1,Kevin,Ivy,___________,"Shh, it's a surprise!",Why are you hiding behind the door?,Why|are|you|hiding|behind|the|door?,e0397-a.mp3,e0397-b.mp3,1,Kevin.png,user,left,right
e0398,va0199,behind,I'm a bit behind on my homework this week.,,今週は宿題がちょっと遅れ気味なんだ。,,Ivy,,1,Ivy,,___________,,I'm a bit behind on my homework this week.,I'm|a|bit|behind|on|my|homework|this|week.,e0398-a.mp3,,1,user,,right,none
e0399,va0200,alone,Are you okay being home alone tonight?,"Yeah, I actually like the quiet.",今夜一人で家にいて大丈夫？,うん、実は静かなの好きなんだ。,Kevin,Ivy,1,Kevin,Ivy,___________,"Yeah, I actually like the quiet.",Are you okay being home alone tonight?,Are|you|okay|being|home|alone|tonight?,e0399-a.mp3,e0399-b.mp3,1,Kevin.png,user,left,right
e0400,va0200,alone,I've never traveled alone before.,,今まで一人旅したことないんだ。,,Ivy,,1,Ivy,,___________,,I've never traveled alone before.,I've|never|traveled|alone|before.,e0400-a.mp3,,1,user,,right,none